microfinance_bank,microfinance_address
AACB Microfinance Bank Limited,Nnewi/Agulu Road. Adazi Ani Anambra state
AB Microfinance Bank Limited,No.9 Oba Akran Avenue. Ikeja Lagos state
Abatele Microfinance Bank Limited,Abatele Town Idemili Local Govt. Area Anambra State
ABC Microfinance Bank Limited,Mission Road Okada Edo State
Abia State University Microfinance Bank Limited,Uturu Isuikuato LGA Abia State
Abigi Microfinance Bank Limited,28. Moborode Odofin Street. Ijebi Waterside Ogun State
Abokie Microfinance Bank Limited,Plot 2. Murtala Muhammad Square. By Independence Way. Kaduna State
Abubakar Tafawa Balewa University Microfinance Bank Limited,Abubakar Tafawa Balewa University (ATBU) Yelwa Road Bauchi
Abucoop Microfinance Bank Limited,Plot 251. Millenium Builder's Plaza. Herbert Macauley Way. Central Business District Garki Abuja
Accion Microfinance Bank Limited,4th Floor Elizaede Plaza 322A Ikorodu Road Beside Lasu Mini Campus. Anthony Lagos
ACE Microfinance Bank Limited,3. Daniel Aliyu Street. Kwali Abuja
Acheajebwa Microfinance Bank Limited,Sarkin Pawa Town. Muya LGA Niger State
Achina Microfinance Bank Limited,Achina Aguata LGA Anambra State
Active Microfinance Bank Limited,18A Nkemba Street Uyo Akwa Ibom State
Acuitv Microfinance Bank Limited,167. Adeniji Adele Road. Lagod
Ada Microfinance Bank Limited,Agwada Town. Kokona Local Govt Area. Nassarawa State
Adaigbo Microfinance Bank Limited,12. NEPA Road. Ogwashi-Uku Delta State.
Adazi-Enu Microfinance Bank Limited,Nkwor Market Square. Adazi-Enu. Anaocha Local Govt Anambra State
Adazi Nnukwu Microfinance Bank Limited,Near Eke Market Adazi Nnukwu. Adazi Anambra State.
Addosser Microfinance Bank Limited,32. Lewis Street.Lagos Island Lagos State
Advance Microfinance Bank Limited,18. Udok street Uyo Akwa Ibom State.
Afemai Microfinance Bank Limited,61B. Bode Road. Jattu-Uzairue. Edo State
Afotamodi-Ogunola Microfinance Bank Limited,Bank House. Oke-Oyinbo Odemo Road. P.O.BOX 112. Isara Road Edo State
Agbarho Microfinance Bank Limited,No.95A Old Ughelli/Warri Road. Orho-Agbarho Delta State
Agbowu Microfinance Bank Limited,Ogbaagba Olaoluwa Local Govt Area.
Agosasa Microfinance Bank Limited,5. Ipokia Road Ilupeju Estate Agosasa Ipokia Local Govt Area.
Aguda-Titun Microfinance Bank Limited,21. Shonola Street Aguda Titun. Ogba. Lagos State
Aguleri Microfinance Bank Limited,16. Ivensi street Amaeze. Aguleri Anambra State
Ahetou Microfinance Bank Limited,Abubakar Onne Local Govt. Area. Rivers State
Ahmadu Bello University Microfinance Bank Limited,Main Campus. Opp. Post Graduate School. Kaduna State
Aivepe Microfinance Bank Limited,1. Ikenna Road Odogbolu Local Govt Area Ogun State
Ajave Jebwo Microfinance Bank Limited,Ejinrin Road. Ijebu South L.G.A Ogun Sta
Ajeko Microfinance Bank Limited,Market Square. Ate-Ivale Road Lokoja Kogi State
Ajewole Microfinance Bank Limited,Ilorin Road. Sabo Ogbomosho Oyo State
Ajikobi Microfinance Bank Limited,13. Ajikobi Street Ilorin Kwara State
Ajingi Microfinance Bank Limited,Ajingi Town. Ajingi Local Govt Area Kano
Ajiya Microfinance Bank Limited,C/O Leadway Assurance Co.ltd N 28/29 Constitut Kaduna State
Ajose Microfinance Bank Limited,Ejinrin Road Ijebu South L.G.A Ogun State
Ajuta Microfinance Bank Limited,Market Square Loso Quarter. Ogbagi Akoko Ondo State
Akalabo Microfinance Bank Limited,Co-operative House Afor Market Square Anambra State
Akcofed Microfinance Bank Limited,Ikot Ekpene Ekim Itam Beside Water Board Itu AkwaIbom State
Akokwa Microfinance Bank Limited,Oris Akokwa Market Square Akokwa. Imo State
Akpo Microfinance Bank Limited,Akpo Juction Akpo Aguata L.G.A Anambra State
Aku-diewa Microfinance Bank Limited,Aku Igbo Etti Local Govt Area Akwa Ibom State
Akuchukwu Microfinance Bank Limited,Archbishop Patterson Complex. All Sint Cathedral Ozala Road Onitsha. Anambra State
Akwengwa Microfinance Bank Limited,10/0228 Idanuha Quarters. Okene-lokoja Road Oga.
Al.Hayat Microfinance Bank Limited,22 Ibadan Road Ijebu Ode Ogun State
Alache Microfinance Bank Limited,12. Bank Road Ogoja. Cross River State
Al-Barakah Microfinance Bank Limited,1. Thanni Olodo Street Jibowu Yaba. Lagos State
Al-Basu Microfinance Bank Limited,Albasu Local Govt Area. Kano
Alekun Microfinance Bank Limited,6. Oladipo Diya Road Odogbolu
Algreb Microfinance Bank Limited,Algreb MFB. 35 Iyorchia-Ayu Road. Wurukum. Makurdi Benue State
Aliero Microfinance Bank Limited,Attahuru Road Aliero L.G.A. Aliero. Kebbi State
Alkaleri Microfinance Bank Limited,C/O Alkalerie Road. Alkaleri L.G.A. Bauch State
All workers Microfinance Bank Limited,36. Mbari Road Ikenegbu Layout Owerri. Imo State
Ally Microfinance Bank Limited,9. Dunukofia Street Area 2 Abuja.
Aloave Microfinance Bank Limited,31. Mission Road Agenebode. Edo State
Alor Microfinance Bank Limited,Nkwor Alor Market Square. Idemili South L.G.A Anambra State
Alpha Kapital Microfinance Bank Limited,Plot 888. Joseph Gomwalk Street Suite 24 Shalom PLaza. Gudu. Abuja
Altitude Microfinance Bank Limited,Zone B. Block 14 Extention. ASPAMDA. Lagos State.
Alvana Microfinance Bank Limited,Alvan Ikoku College of Education Owerri. Imo State
Amaifeke Microfinance Bank Limited,95. Ihioma Road. Amaifeke Orlu
Amazu Microfinance Bank Limited,Km 10. Orlu Mgbidi Road. Amazu Ebenator.Orsu Imo State
Amba Microfinance Bank Limited,1. Makurdi Road. Lafia L.G.A Nassarawa State
Amegy Microfinance Bank Limited,1. Paul Odulaja Crescent Ifako Gbagada Lagos
AMJU Microfinance Bank Limited,1. Airport Road. Effurun. Warri. Delta State
AMML Microfinance Bank Limited,Plot 1963. Ladoke ASkintola Boulevard. Garki Model Market Abuja
Amove Microfinance Bank Limited,Community Bank Premises Oke-Aodu.
Amram Microfinance Bank Limited,No. 3. Nekede Road. Owerri
Amucha Microfinance Bank Limited,Bank House. Amucha. Via Orlu. Njaba
Amuro Microfinance Bank Limited,Ilorin Kabba-Road Post Office Close. Kogi State
Anchorage Microfinance Bank Limited,Highbury Plaza 104.Gado Nasco Road. Kubwa Abuja
Aniocha Microfinance Bank Limited,Umeadi House Ogbeofu. Iselle-Uku Aniocha North L.G.A Delta State
Annointed Microfinance Bank Limited,2. Efurrun Sapele Road. Effurun. Delta State
Anya Microfinance Bank LimitedAogo,Line C4/16 Relief Market Obodo-Okwu Road. Anambra State
Aogo Microfinance Bank Limited,Oba Adesanoye House. Ondo. Ondo State
Apa Microfinance Bank Limited,Makurdi Road. Adoka. Otukpo. Benue State
Apeks Microfinance Bank Limited,Ghalib Chamber. 2nd Floor. Ghalib 24 House. Abdulwahab Folawiyo Road. Ilorin Kwara State
Apex Trust Microfinance Bank Limited,FMBN.Building.1 Adekule Fojuyi Road. Dugbe Ibadan Oyo State
Apple Microfinance Bank Limited,26. Agbon Street Oru-Ijebu Ogun State
Aramoko Microfinance Bank Limited,Civic Center Aramoko. Ekiti STATE
Arochukwu Microfinance Bank Limited,Amaikpe Square. Afor Arochukwu Market Abi State
Arondizuogo Microfinance Bank Limited,Arodizuogu. Ideato North Local Govt Area. Imo State
Asha Microfinance Bank Limited,11. Boyade Oluwole Street Off Awolowo Way. Ikeja. Lagos State
Aspire Microfinance Bank Limited,No. 254. Umusadegi Road. Kwale. Delta State
Asset Matrix Microfinance Bank Limited,68. Herbert Macauley Way. Ebute-Metta. Lagos
Assets Microfinance Bank Limited,4. Apata Street. Somolu. Lagos State
Astra Microfinance Bank Limited,Ogunmakin Market. Ogunmakin. Obafemi Owode L.G.A Ogun State
Atlas Microfinance Bank Limited,Plot 1077. Cadastral Zone B02. Old Federal Secetariat Road By Area 3 Junction Durumi Abuja
Auchi Microfinance Bank Limited,40. Otaru Road. Auchi. Edo State
Augie Microfinance Bank Limited,Augie Town L.G.A Kebbi State
Avuengbe Microfinance Bank Limited,No. 2 Jattu Road. Auchi. Edo State
Avvi Microfinance Bank Limited,No.12. Roger Road. P.O.BOX 303. Wukari Taraba State.
Awe Microfinance Bank Limited,REV. DAVID AIBINU OLAOPA VILLA AWE-IWO ROAD. P.O. BOX 91 AWE OYO STATE
Awgbu Microfinance Bank Limited,Eke Awgbu Market Square Awgbu
Awka Microfinance Bank Limited,176A Nnamdi Azikiwe Avenue Awka Anambra State
Awka-Etiti Microfinance Bank Limited,KM 1-3 Nnobi Awka Etiti Road Idemili LGA Anambra
Awkuzu Microfinance Bank Limited,P.M.B. 2 Awkuzu Oyi LGA Anambra State
Ayete Microfinance Bank Limited,C/O AYETE POSTAL AGENCY AYETE IBARAPA NORTH L.G.A. OYO STATE
Azabe Zinariya Microfinance Bank Limited,Phase 2 Ultra-Modern Market Western Resevoir Road Ilorin Kwara State
AZSA Microfinance Bank Limited,OSOLO WAY ASWANI ISOLO LAGOS NIGERIA (ISOLO LOCAL COUNCIL DEVELOPMENT PREMISES)
B.C. KASH Microfinance Bank Limited,No. 119 Ikorodu Road Onipanu Lagos
Babba Microfinance Bank Limited,126 Ahmadu Bello Way Agaie Agaie Local Government Area Niger State
Babcock Microfinance Bank Limited,Babcock University Babcock University Road Ilishan-Remo Ogun State
Babura Microfinance Bank Limited,Local Govt. Sec. (Opp. District Head's Palace) Babura Jigawa State.
Bagwai Microfinance Bank Limited,Bagwai local Government Area Kano State.
Baines Credit Microfinance Bank Limited,22 Norman Williams Street South West Ikoyi Lagos Nigeria
Bakassi Microfinance Bank Limited,199 Ndidem Iso Road Opposite Parliamentary Village Cross Rivers State
Balera Microfinance Bank Limited,No. 2 Kafanchan Road Lere L.G.A Kaduna State.
Balogun Fulani Microfinance Bank Limited,9 Balogun Fulani Road Ilorin Kwara State.
Balogun Gambari Microfinance Bank Limited,Ojagboro Ilorin Kwara State.
Bam Microfinance Bank Limited,Suite D77/67 Efab Mall Ahmadu Bello Way Area 11 Garki Abuja FCT.
Bama Microfinance Bank Limited,Bama Main Market Barma L.G.A Borno State.
Bancorp Microfinance Bank Limited,Idemili House (BBA) Int'l Trade Fair Complex Badagry Expressway Lagos
Banex Microfinance Bank Limited,Suite C 1 & 2 Banex Plaza Vina Wuse II Abuja
Bankly,184 Ipaja Road Boys Town Street Opposite St Ferdinand Catholic Church Ipaja Lagos.
Barnawa Microfinance Bank Limited,Plot 3 Mozambique Road BamawaShopping Complex Kaduna South L.G.A Kaduna State.
Batagarawa Microfinance Bank Limited,No. 2 Batagarawa Town Bataragawa L.G.A Katsina State
Baobab Microfinance Bank,17 Mogadishu Layout Leventis Roundabout PMB 2471 Kaduna
Bauchi CFA Mirofinance Bank Limited,Mohammed Adamu Hashidu House No. 21 Abdulkadir Ahmed Road P.M.B. 0125 Bauchi
Bauchi Investment Corporation (BIC) MFB Limited,Investment House No. 37 Abdulkadir Ahmed Road P.M.B 0102 Bauchi State
Baure Microfinance Bank Limited,NO. 21 BAURE TOWN BAURE L.G.A. KATSINA STATE
Bawyi Microfinance Bank Limited,5 Kuta Road Opp. Gwada Community Health Centre Shiroro L.G.A Niger State.
Bayajidda Microfinance Bank Limited,Along Daura-Kongolam Road Daura Katsina State
Bayero University Microfinance Bank Limited,Bayero University Kano Kano State
Bayetin MFB Microfinance Bank Limited,Grico Rice Mills Building No. 1 Suleja-Minna Road Bida Niger State.
Bebeji Microfinance Bank Limited,Bebeji Local Government Area Bebeji Kano State
Bejin-Doko Microfinance Bank Limited,Lavun L.G.A Bida Niger State
Benue Microfinance Bank Limited,Block 9A Owner Occupier Estate Senator George Akume Road Makurdi Benue State
Berachah Microfinance Bank Limited,5A Adekunle Banjo Street Ketu Lagos State.
Best Star Microfinance Bank Limited,Irefin Road junction Itu-Taba Oje Ibadan
Bestway Microfinance Bank Limited,Civic Centre Complex Adazi -Enu Anambra State.
Bethel Microfinance Bank Limited,43B Kenyatta Street Enugu Enugu State
Bethesda Microfinance Bank Limited,Maanah Plaza 1st Floor 19 Araromi Street Off Berkley Street Lagos Island
Better-Life Microfinance Bank Limited,No. 6 New Bridge Road Wurukum District Makurdi Benue
BFL Microfinance Bank Limited,Hall 1 Abuja Shopping Mall Wuse Zone 3 Abuja.
Bibajinre Microfinance Bank Limited,Bida-Abuja Road Badeggi Kacha Local Govt Niger State
Bichi Microfinance Bank Limited,No. 1 Bichi Main Street Bichi Town Bichi LGA Kano State
Bigthana Microfinance Bank Limited,No. 6 Ali Akilu Road Kaduna State
Billionaire Blue Bricks Microfinance Bank Limited,Aperin House Block 1 Plot 27 Budo Layout Ajiwe Lekki Epe Express way Ajah Lekki Lagos
BishopGate Microfinance Bank Limited,39 Agege Motor Road Moshalashi Mushin Lagos State.
Biyama Microfinance Bank Limited,50 Mubi Road Hong L.G.A Adamawa State.
Biztrust Microfinance Bank LImited,107B Allen Avenue Ikeja.
Bloom Microfinance Limited,Â 108Lagos Road Ikorodu Lagos
Blucon Microfinance Bank LImited,Ahmadu Bello Way Opposite Kwara Hotel Ilorin Kwara State
Blue Intercontinental Microfinance Bank Limited,Herbert Macaulay Way Ebutte Metta Lagos
Blue Ridge Microfinance Bank Limited,84 Abule Nla Road Ebutte Metta Lagos State.
BLUEWHALES Microfinance Bank Limited,TAEN Building Opposite Former NITEL Office Yakubu Gowon Way Jos Plateau
Bmazazhin Microfinance Bank Limited,IBB Road Gawu Babangida Niger state
BOCTRUST Microfinance Bank Limited,No 32 Lawson Street Off Moloney Street Lagos Island Lagos
BOI Microfinance Bank Limited,23 Marina Lagos
Boig Microfinance Bank Limited,33 Idumagbo Avenue Lagos Island Lagos State
Boji Boji Microfinance Bank Limited,Old Abraka Road Agbor Delta State.
Bokkos Microfinance Bank Limited,Bokkos Microfinance House Barkin Ladi Road Bokkos Local Govt Area Plateau State
Boluwaduro Microfinance Bank Limited,Isale Odofin Quarters Otan Ayegbaju
Bompai Microfinance Bank Limited,Ahmadu Bello Way Bompai Kano State
Bonded Microfinance Bank Limited,246 ITIRE ROAD PAKO BUS/STOP LAWANSON LAGOS.
Bonghe Microfinance Bank Limited,90 AHMADU BELLO WAY NUMAN ADAMAWA STATE
Borgu Microfinance Bank Limited,Plot 191 Ibrahim Taiwo Road New Bussa Niger State.
Borno Renaissance Microfinance Bank Limited,1 SHEHU SANDA KYARI ROAD OFF SHEHU LAMINU WAY BY GIWA BARRACKS JUNCTION MAIDUGURI
Boromu Microfinance Bank Limited,Ijoun Market Square Ijoun Town Yewa North Local Govt Area. Ogun State
Borstal Microfinance Bank Limited,Prisons Training Complex Independence Way Kaduns Kaduna State
Bosak Microfinance Bank Limited,Plot 8 Cocoa Industries Road Ogba Ikeja
Bowen Microfinance Bank Limited,Baptist Academy Compound Obanikoro Ikorodu Road Lagos State
Bowman Microfinance Bank Limited,1 Bode Onifade Street Ewu-TuntunOshodi-Isolo L.G.A Lagos State
Brass Microfinance Bank Limited,Zungeru Road Bida Niger State
Bridgeway Microfinance Bank Limited,49a Lafiaji Way Dolphin Estate Ikoyi Lagos
Brightway Microfinance Bank Limited,17 New Market Road Baboko Ilorin Kwara State
Briyth-Covenant Microfinance Bank Limited,Plot 19 Water Corporation Road Off Ligali AyorindeVictoria Island Lagos State.
Broadview Microfinance Bank Limited,52 Odunlami Street Lagos Island
Brooks Microfinance Bank Limited,81 Nwaniba Street Uyo Akwa Ibom State
Bubayero Microfinance Bank Limited,DUKKU ROAD GOMBE TOWN GOMBE STATE
Bundi Microfinance Bank Limited,157 Cameroun Road Aba Abia State
Bungudu Microfinance Bank Limited,Ahmadu Bello Way Bungudu Zamfara State
Bunkasa Microfinance Bank Limited,7 Jos Road Jere Kagarko L.G.A Kaduna State
Bunkure Microfinance Bank Limited,No. 5 Bunkure Town Kano State
Bunza Microfinance Bank Limited,Bunza Town Bunza Local Government Area Kebbi
Business Support Microfinance Bank Limited,PLOT 92 OBAFEMI AWOLOWO WAY SUITE B2/B3 JABI PLAZA OPPOSITE ZENITH BANK JABI ABUJA
Busu Microfinance Bank Limited,Busu Via Doko Lavun L.G.A Niger State.
CAFON Microfinance Bank Limited,Garki Police Barracks Garki 11 FCT Abuja
Calabar Microfinance Bank Limited,72 Egerton Street Calabar Cross River State.
Capstone Microfinance Bank Limited,187 Igbosere Road Lagos
Carbon Microfinance Bank Limited,642c Adeyemo Alakija Victoria Island Lagos State
Cardinal Rock Microfinance Bank Limited,83 Iju Road Ifako Ijaiye Lagos State
Caretaker Microfinance Bank Limited,ADEBOWALE'S HOUSE CARETAKER OGBOMOSHO OYO STATE
Cash Cow Microfinance Bank Limited,186A Igbosere Road lagos Island
Castle Microfinance Bank Limited,159 NnewiOzubulu Road Ozubulu Anambra State
Catland Microfinance Bank Limited,14 Oke-Owode Street Ilese-Ijebu Ogun State.
Cedar Microfinance Bank Limited,114 Itire Road Surulere Lagos
CEMCS Microfinance Bank Limited,No. 6 Udeco Medical Road Off Chevron Drive Lagos State
Challenge Microfinance Bank Limited,28 AHMADU BELLO WAY JOS PLEATEAU STATE
Chanelle Microfinance Bank Limited,78 Nnamdi Azikiwe Street Lagos Island
Chase Microfinance Bank Limited,Suite 46 Dolphin Plaza Dlphin Plaza Dolphin Estate Osborne Road Ikoyi Lagos State
Chelsea Microfinance Bank Limited,Plot 22 Umuohomi Quarters Onicha-Ugbo Aniocha North L.G.A Delta State
Cherish Microfinance Bank Limited,Batsari Local Government Area Katsina State
Chibueze Microfinance Bank Limited,CKC 82 Ehi/Asa Road Aba Abia State.
Chidera Microfinance Bank Limited,1/15 Chime Avenue New Haven Enugu Enugu State
Chigbe-Yaji Microfinance Bank Limited,Zungeru Road Lemu Bako L.G.A Niger State
Chikum Microfinance Bank Limited,Catholic Archdiocese of Owerri Villa Assumpta Owerri Imo State.
Chimham Microfinance Bank Limited,KY GUEST HOUSE PLOT NO 23 ROAD M SABON GARI KEFFI ROAD JABA L.G
Chrisore Microfinance Bank Limited,60 Fajuyi Road Ile-Ife Osun State.
Chronicles Microfinance Bank Limited,GOSPEL CITY ASESE KLM 40 LAGOS-IBADAN EXPRESS WAY
Chukwunenye Microfinance Bank Limited,Catholic Cathedral Premises Nnobi Road Nnewi Anambra State.
CIT Microfinance Bank Limited,22 Berkely Street Off King George V Road Onikan Lagos
Citadel Microfinance Bank Limited,1 Abbi Avenue Badagry Expressway Orile-Iganmu Lagos
Citizen Trust Microfinance Bank Limited,No 52 Olofa Way Beside GTBank Plc Offa Kwara State
Civic Microfinance Bank Limited,Araromi Market Agodi Gate Ibadan Oyo State
Coalcamp Microfinance Bank Limited,29 Taylor Avenue CoalCamp Enugu Enugu State
Coastline Microfinance Bank Limited,1 Ekpen Road Okere Warri Delta State
Coconut Avenue Microfinance Bank Limited,3 Tex Olawale Crescent Coconut Bus Stop Apapa Lagos
COE Minna Microfinance Bank Limited,2 Paiko Road Niger State College of Education Minna Niger State
Commonwealth Microfinance Bank Limited,No 8B Kagoro Road Kafanchan Kaduna State.
Complete Trust Microfinance Bank Limited,5/7 Dobblin Avenue Alaba International Market Ojo Alaba Lagos State
Confidence Microfinance Bank Limited,156 Ibrahim Taiwo Road Ilorin Kwara State.
Confluence Microfinance Bank Limited,5 Ibrahim Taiwo Road Lokoja Kogi State
Conpro Microfinance Bank Limited,Blk 116-123 Ikota Shopping Complex Victoria Garden City Lekki Lagos
Consistent Trust (Ijesa Isu Confidence) Microfinance Bank Limited,77 Bank Road Ijesa-Isu Ekiti Ekiti State.
Consumer Microfinance Bank Limited,PLOT 2087 Herbert Macaulay Zone 5 Wuse FCT Abuja
Coral Microfinance Bank Limited,82 Isheri Road Before Grammar School Bus Stop Omole Phase 1 Ojodu-Berger Lagos State
Corestep Microfinance Bank Limited,22/24 Ago Palace Way Okota Lagos State
Cosmopolitan Microfinance Bank Ltd,Charis Plaza 141 Olu Obasanjo Road Port Harcourt Rivers State
Covenant Microfinance Bank Limited,Km 10 Idiroko Road Canaan Land Ota Ogun State
Cowries Microfinance Bank Limited,House 6 Second Avenue Festac Town Lagos State
Credit Express Microfinance Bank Limited,27 Kakawa Street Lagos Island.
Credit Plus Microfinance Bank Limited,176 Herbert Macaulay Way Adekunle Yaba Lagos State
Creditlink Microfinance Bank Limited,40 Ladoke Akintola Boulevard Garki Abuja.
Creekline Microfinance Bank Limited,5 Swam Road GRA Warri Delta State
Crest Microfinance Bank Limited,43 Obafemi Awolowo Way Opposite National Building Oke-Bola Ibadan Oyo State
Crossover Microfinance Bank Limited,63b Raymond Njoku Street South-West Ikoyi Lagos State.
Crowned Eagle Microfinance Bank Limited,132 Isawo Road Owutu Ikorodu Lagos State
CRUTECH Microfinance Bank Limited,Cross River University of Technology Calabar Cross Rivers State
Crystabel Microfinance Bank Limited,No. 186 Mbiama/Yenogoa Road Yenogoa Bayelsa State.
Crystal Edge Microfinance Bank Limited,Plot 12 Commercial Layout Opposite University of Abuja Gwagalada FCT Abuja
CSD Microfinance Bank Limited,2 Okim Osabor Street Ikom Cross River State
CUB Microfinance Bank Limited,Co-operative House Okpanam Road Asaba Delta
Custodian Microfinance Bank Limited,Plot 1 Road 2 Owode Housing Estate Apata Abeokuta Road Ibadan Oyo State
Dadinkowa Microfinance Bank Limited,FED. MORTGAGE BANK BUILDING SECRETARIAT JUNCTION JOS PLATEAU STATE
Dal Microfinance Bank Limited,Off Nasidi Supermarket Opp. Dala Orthopedic Hospital Kano State
Dambatta-Makoda Microfinance Bank Limited,7 Kano Road Kofar Yamma Dambatta Kano State
Danels Global Microfinance Bank Limited,suite 24 shalon plaza plot 1088 joseph gomwalk street gudu district apo abuja
Dangizhi Microfinance Bank Limited,Enagi Off Mokwa Road Niger State
Dankingari Microfinance Bank Limited,Dakingari LGA Kebbi State
Darazo Microfinance Bank Limited,Market Square Darazo Bauchi State
Davodani Microfinance Bank Limited,Jolaade House28 Ogudu Road Ojota Lagos Lagos
Dawakin Kudu Microfinance Bank Ltd,Dawakin Kudu Town Dawakin LGA Kano State
Dawakin Tofa Microfinance Bank Limited,Dawakin Tofa Town Dawakin Tofa Local Government Area Kano State
Daylight Microfinance Bank Limited,NO. 23A ADEYEMI LAWSON STREET IKOYI FALOMO LAGOS STATE
Decency Microfinance Bank Limited,Afor Ibeji Market Square Old Umuahia Abia State.
DEC-Enugu Microfinance Bank Limited,3-5 Dec Avenue Independent Layout Enugu Enugu State
Desmonarchy Microfinance Bank Limited,633 Lagos Abeokuta Expressway Abule Taylor Bus Stop Abule Egba Lagos
Destiny Microfinance Bank Limited,No 1 Old Aji Road Agrute Igbo-Eze North L.G.A Enugu State.
Diobu Microfinance Bank Limited,15B Bishop Barahart Street Port-Harcourt Rivers State.
Doguwa Microfinance Bank Limited,Doguwa Town Doguwa Local Government Kano State.
Dolphin Microfinance Bank Limited,72 Enerhen Udu Clan Warri Delta State
Dominion Microfinance Bank Limited,EKE IHEMBOSI EKWUSIGO LGA ANAMBRA STATE
Dorben Microfinance Bank Limited,Bwari-Garam Road P.M.B 590 Garki Bwari Area Council Abuja FCT
Dot Microfinance Bank Limited,Â Mjs House Opposite Polaris Bank366 Murtala Mohammed Way Yaba Lagos
Dutse Microfinance Bank Limited,Main Street Central Market Dutse Jigawa State.
Eagle Flight Microfinance Bank Limited,129 Ajamimogha Road Warri Delta State
Eagle Microfinance Bank Limited,1 New Layout P.O.Box 75 Bokkos L.G.A Plateau State
Earnwell Microfinance Bank Limited,No 12 IBB Way Jobo Plaza Lokoja Kogi State.
East-Gate Microfinance Bank Limited,135 Aba-Owerri Road Aba Abia State
Eastman Microfinance Bank Limited,1 Temple Avenue G.R.A Enugu Enugu State.
Easy Access Microfinance Bank Limited,NO. 29 EKWULOBIA ROAD UMUNZE ORUMBA SOUTH L.G.A ANAMBRA STATE
e-Barcs Microfinance Bank Limited,36 Okotie Eboh Street Utako District Abuja
Ebedi Microfinance Bank Limited,Adabo Market Opposite Aseyin Palace Iseyin Oyo State..
Ebonyi State University Microfinance Bank Limited,CAS Ebonyi State UNiversity Abakaliki Ebonyi State
Ebu Microfinance Bank Limited,Ekeohoa/Illah Road Oshimili North L.G.A Delta State.
Echo Microfinance Bank Limited,57/59 Isawo Road Owutu Ikorodu Lagos
Edo Microfinance Bank Limited,248 Ugbowo-Lagos Road Benin City Edo State
Eduek Microfinance Bank Limited,Winmos House 202 Abak Road Uyo Akwa Ibom State
Edumana Microfinance Bank Limited,ETSU YAHAYA ABUBAKAR ULTRA-MODERN MOTOR PARKESSO BIDDA NIGER STATE
Egbe Microfinance Bank Limited,Federal Road Kabba-Kd Ilorin-Kabba Road P.M.B 1002 Egbe Kogi State
Egbemoha Microfinance Bank Limited,Omoku Road Mmehu Egbema OhajiI/Egbema L.G.A Imo State
Egwafin Microfinance Bank Limited,No 3 Salihu Road Suleja Niger
Ehor Microfinance Bank Limited,7 Royal Street P.O.Box Ehor Uhunmwode L.G.A Edo State.
Ejiamatu Microfinance Bank Limited,Oye Market Square Ojoto Bye-Pass Ojoto Idemili South L.G.A Anambra State
Ekimogun Microfinance Bank Limited,2 Ifore Street Ondo Ondo State
Ekondo Microfinance Bank Limited,No 44 Murtala Mohammed Road Calabar Cross River State.
EK-Reliable (Ikole Ekiti) Microfinance Bank Limited,Oba Adeleye Road Ikole Ekiti Ekiti State.
Ekuombe Microfinance Bank Limited,No 2 Community Bank Road Ilaro-Yewa South L.G.A Ogun State.
Ekwulobia Microfinance Bank Limited,No 1 Mission Road Ekwulobia Aguata L.G.A Anambra State
Elim Microfinance Bank Limited,394 Muritala Mohammed Way Yaba Lagos
Elo-Emede Microfinance Bank Limited,Uruowho Street Adaza Quarters Opp. Holy Trinity Anglican Church Emede Isoko South L.G.A Delta State
Emerald Microfinance Bank LImited,6 AJUWON ROAD AKUTE B/STOP AKUTE IFO LGA OGUN STATE
Empire Trust Microfinance Bank Limited,No 14 Ogunlowo Street Off Awolowo Way Ikeja
Endwell Microfinance Bank Limited,NUT Endwell Shopping Plaza No.3 Shiroro Road Tunga Minna Niger State
Enede Microfinance Bank Limited,NO. 3 CHURCH OF GOD MISSION ROAD OFF NSUKKA/OSSISA ROAD NSUKKA ANIOCHA SOUTH L.G.A. DELTA
Enrich Microfinance Bank Limited,29A Berkley Street off Moloney Street Onikan Lagos Nigeria
Enugu-Ukwu Microfinance Bank Limited,Enugwu-Ukwu Civic Centre Anambra State
Equator Microfinance Bank Limited,49 Egule Street Green Villa Road Biogbol Epie Yenagoa Bayelsa State
Equinox Microfinance Bank Limited,No 1 Bank Road Umuchu Aguata L.G.A Anambra State
Ere City Microfinance Bank Limited,Beside Ere City Town Hall Ere Ijesha Osun State
Eruwon Microfinance Bank Limited,21 Church Street Eruwon Ijebu Ode Ogun State.
Esan Microfinance Bank Limited,Central Road Ubiaja Edo State
Eso-E Microfinance Bank Limited,198 Akarigbo Street Sabo-Sagamu Ogun State
Ethics Microfinance Bank Limited,48 Asa-Afariogun Street Off Airport Road Oshodi Lagos
Everest Microfinance Bank Limited,7 Park Road Nnewi Anambra State
EWT Microfinance Bank Limited,Suite 8 (Duplex Shop) Block 3 Section 3 Garki International Market Off Ahmadu Bello Way Garki II Abuja
Excel Microfinance Bank Limited,Hospital Road Sango Eruwa Oyo State
Excellent Microfinance Bank Limited,No 2 Ezekwesili Street Beside Divisional Police Station Makurdi Benue State
Ezebo Microfinance Bank Limited,Aforigwe Umudioka Dunukofia L.G.A Anambra State.
Fadama Farmers Microfinance Bank Ltd,C/o Plateau Agricultural Development Project Fadamatu Project Office Dogon Dutse Jos Solomon Lar Unity House Beach Road Jos
Fahimta Microfinance Bank Limited,Muhammed Buhari Road Kaduna Kaduna State.
Faida Microfinance Bank Limited,No.14 RIMI TOWN RIMI L.G.A. KATSINA STATE
FairMoney Microfinance Bank,28 Pade Odanye Close off Adeniyi Jones Ikeja Lagos
Faith Microfinance Bank Limited,38 Bola Road Agbokojo Off Agbeni Market Ogunpa Extension Ibadan Oyo State
Fame Microfinance Bank Limited,Sam Mbakwe INternational Cargo Airport Ngor Okpala LGA Owerri Imo State
Fasildapo Microfinance Bank Ltd,No. 2 Barracks Road Community Development House Ifon Ondo
FBN Microfinance Bank Limited,305 HERBERT MACAULAY WAY YABA P.M.B 12535 LAGOS NIGERIA.
FCE Obudu Microfinance Bank Limited,Federal College of Education Obudu Obudu L.G.A Cross River State
FCMB Microfinance Bank Limited,10 Moshood Abiola Way Challenge Ibadan Oyo State
Federal Polytechnic,Nekede Microfinance Bank LimitedFEDERAL POLYTECHNIC NEKEDE NEKEDE TOWN OWERRI IMO STATE
FEDETH CO-OP Microfinance Bank Limited,Federal Secretariat Phase 1 Room 5B 022 Annex 111 Shehu Shagari Way Abuja
FEDPOLY Nasarawa Microfinance Bank Limited,Federal Polytechnic Nasarawa P.M.B 01 Nasarawa State
Femaz Microfinance Bank Limited,NO. 2 HERBERT MACAULAY WAY WUSE ZONE 5 ABUJA
FFS Microfinance Bank Limited,30 Ijaiye-Ogba Road Lagos State
Fidfund Microfinance Bank Limited,29 Ekukinam Street Utako District P.O. Box 1985 Abuja
Fims Microfinance Bank Limited,CITY PLAZA (2ND FLOOR) PLOT 596 AHMADU BELLO WAY GARKI ABUJA
Finatrust Microfinance Bank Limited,46 Toyin Street Ikeja Lagos
FINCA Microfinance Bank Limited,20 Wetheral Road Owerri Imo State
Finex Microfinance Bank Limited,84 Bamgbose Street Lagos Island Lagos
First Access Microfinance Bank Limited,ODUDUWA UNIVERSITY IFE/IBADAN IPETUMODU OSUN STATE
First Credit Microfinance Bank Limited,Suite 4 E-Bar Plaza20 Adminralty Way Lekki Phase 1 Lagos State
First Heritage Microfinance Bank Limited,Opposite C.C.C. Oro-Ago Ifelodun LGA Kwara State
First Ideal Microfinance Bank Limited,4 St. Peters Street Alaba International Market Ojo Lagos
First Index Microfinance Bank Limited,27 Adegoke Adelabu Shopping Complex Annex Orita Challenge Ibadan Oyo State.
First Lowland Microfinance Bank Limited,No. 10 Sabon Gida Road P.O Box 16 Mabudi Langtang South L.G.A Plateau State
First Multiple Microfinance Bank Limited,Queenfem Plaza Plot 2109 Aminu Kano Crescent (Opposite Mr Biggs) Wuse II Abuja
First Mutual Microfinance Bank Limited,Plot 700 (3) Batna Close Off Agadez Crescent Off Aminu Kano Crescent Wuse 11 Abuja
First Option Microfinance Bank Limited,42 Kogberegbe Street Opposite Isolo0 General Hospital Isolo Lagos
First Royal Microfinance Bank Limited,12 Chalmer Street Calabar Cross River State
Fiyinfolu Microfinance Bank Limited,38A Ogudu Road Second Church Bus Stop Ojota Lagos
Flourish Microfinance Bank LImited,12 Issa Williams Street Oke-Arin Balogun Lagos State
Foresight Microfinance Bank Limited,Agbado Station Opeilu Ogun State
Fortis Microfinance Bank Limited,Medife House Plot 2135 Herbert Macaulay Way Wuse Zone 5 Abuja
Fortress Microfinance Bank Limited,20 Obokun Street Off Coker Road Ilupeju Lagos State
Forward Microfinance Bank Limited,Eteleson Plaza 36 Old Market Road Onitsha Anambra State
Frontline Microfinance Bank Limited,Abanitor Market Square Ezinifite Nnewi South L.G.A Anambra State
FTA Microfinance Bank Limited,No 10 Funtua Town Funtua Local Government Area Katsina State
FUD Microfinance Bank Limited,Ibrahim Aliyu ByPass Dutse Jigawa State
Fufore Microfinance Bank Limited,25 Gurin Road Fufore Adamawa State
Fullrange Microfinance Bank Ltd,1st Floor Asabi House108 Adekunle Fajuyi Way Adamasingba Ibadan Oyo
FUT Minna Microfinance Bank Limited,Federal University of Technology Minna Niger State
FUTO Microfinance Bank Limited,Federal University of Technology Owerri Imo State
Future Growth Microfinance Bank Limited,1121 Obafemi Awolowo Way Utako Abuja
Gaa Akanbi Microfinance Bank Limited,Bola Saadu House10 Ahmadu Bello Way G.R.A Ilorin Kwara State
Gabasawa Microfinance Bank Limited,Old Agency for Mass Education Zakari Town Kano State
Gains Microfinance Bank Limited,129 Lokoja Road Dekina Kogi State
Galilee (Well Woman) Microfinance Bank Limited,Plot 6 Ekukinam Street Suite B14 & 15 Abraham Plaza Beside ABC Transport Company Utako Abuja
Gamawa Microfinance Bank Limited,Near Central Primary School Gamawa Bauchi State.
Gapbridge Microfinance Bank Limited,Plot 2A Block 32 Prince Adelowo Adedeji Street Lekki Phase 1 Off Lekki ? Epe ExpresswayLagos
Garden City Microfinance Bank Limited,54 Mbonu Street D-Line Port Harcourt Rivers State
Garewa Microfinance Bank Limited,Yankara Street Faskari P.O.Box 1523 Funtua Katsina State
Garki Microfinance Bank Limited,Plot 559C Area 11 Garki Abuja
Garko Microfinance Bank Limited,No 3 Garko Town Kano State
Garu Microfinance Bank Limited,Off Emir Road Drive Ilelah Street Bauchi State
Garun Mallam Microfinance Bank Limited,Garun Mallan Town Garu Mallam Local Government Area Kano State
Gashua Microfinance Bank Limited,Gashua Bade Local Govt AreaYobe State
Gaya Microfinance Bank Limited,Gaya Town Gaya Local Govt Area Kano State
Gbede Microfinance Bank Limited,Kabba-Ilorin Road Opp. Hotel Charvid P.M.B 1005 Aiyetoro-Gbede Kogi State
Good Neighbours Microfinance Bank Limited,Plot 4 Oyetubo Street Off Obafemi Awolowo way Ikeja Lagos
Guddiri Microfinance Bank Limited,No. 40 Old Kano Road P.M.B 021 Azare Bauchi State
Gudusisa Microfinance Bank Limited,No. 1 Biu Road Gumbi Adamawa State
Gufax Microfinance Bank Limited,Faduk House 3 Udotung Ubo Street Uyo Akwa Ibom State
Gulfare Microfinance Bank Limited,Yauri-Zuru Road Opp. Rijau Local Govt. Secretariat Rijau Niger State
Gwadabawa Microfinance bank Limited,Illella Road BakinKasuwa P.O.Box 4112 Gwadabawa Sokoto State
Gwong Microfinance Bank Limited,Off Kafanchan Road Fadan Kogoma
Hadejia Microfinance Bank Limited,5 Bakin Kasuwa Hadejia Jigawa State
Hallowed Microfinance Bank Limited,Praise Plaza Agbo-Edo Market By New Motor ParkNnewi Anambra State
Halmond Microfinance Bank Limited,Suites 139/46 Ikota Shopping Complex VGC Ajah Lagos
Hamada Microfinance Bank Limited,NO. 39 HASSAN USMAN ROAD G.R.A KATSINA KATSINA STATE
Hamda Microfinance Bank Limited,Opposite Ginger Market Dura Kafanchan Road Kwoi Kaduna
Hamdala Microfinance Bank Limited,OLD JOS ROAD OPP. JAATAM (KONGO) ZARIA LGA KADUNA STATE
Happy Note Microfinance Bank Limited,Plot 11/12 Neighborhood Centre A Sector F FHA Estate Airport Road Lugbe FCT Abuja
Harvest Microfinance Bank Limited,Olujudo Road Ido-Ekiti Ido-Osi L.G.A Ekiti State
Hasal Microfinance Bank Limited,Plot 2015 Herbert Macaulay Way Wuse Zone 6 Abuja
Headway Microfinance Bank Limited,NO. 1 ATUNWA STREET OFF TOYIN STREET IKEJA LAGOS
Hedgeworth Microfinance Bank limited,Gouba Plaza Suite B06/C06 1st/2nd Floor Plot 171 A.E. Ekukinam Street Beside Chisco Utako District Abuja
High Street Microfinance Bank Limited,1 Okesalu Street Ikotun Lagos State
Highland Microfinance Bank Limited,Km 8 Jos Road Jos South L.G.A Plateau State.
Hillpost Microfinance Bank Limited,5 Koya Alleyway Drive Off Lagos Road Agric Bus Stop Ikorodu Lagos.
Hillspring (Gworok) Microfinance Bank Limited,Along Kaduna/Kafanchan Road Fadan Kagoro Kaura Kaduna State
Hinache Microfinance bank Limited,53 Funtua/ Yashe Road Malunfashi Katsina State
Hitech Microfinance Bank Limited,143 Azikiwe Road Aba Abia State
Honey Microfinance Bank Limited,8 Furendano Street Ikija-Ijebu
Hybrid Microfinance Bank LImited,65 Tokunbo Street Lagos Island Lagos
Iba Microfinance Bank Limited,3 Palace Way Iba Osun State.
Ibeto Microfinance Bank Limited,The Ancestors House 57 Onitsha Road Nnewi Anambra State
Ibogun Microfinance Bank Limited,Ibogun Egbeda Ifo L.G.A Ogun State
Ibolo Microfinance Bank Limited,86 Olofa Way Offa Kwara State
Ibu-Aje Microfinance Bank Limited,10 Obafemi Awolowo Way Osogbo Osun State.
I-Care Microfinance Bank Ltd,296 Rimi Market Road Kano Metropolis Kano
ICB Microfinance Bank Limited,Illah-Asaba Road Oshimili North Local Govt AreaDelta State
IC-Global Microfinance Bank Limited,No.1 Ibrahim Kefas Road Okpohro Junction Oleh Delta State.
Ichi Microfinance Bank Limited,KM 6 Onitsha Okigwe Road Ichi Ekwusigo LGA Anambra State
Ideato Microfinance Bank Limited,Ntueke-Dikenfafi Urualla Imo State
Ideato-South Microfinance Bank Limited,C/O Mrs Nkiru Ekekwe St. Joseph's Catholic Church Ntueke Ideato South L.G.A Imo State.
Idemili Microfinance Bank Limited,1 Agulu Road P.O.Box 24 Nnobi Idemili LGA Anambra
Idese Microfinance Bank Limited,422 Ejigbo Road Odo Ori Iwo Oyo State
Idumuje Microfinance Bank Limited,Abuano Square Idumuje Ugboko Aniocha North L.G.A Delta State
Ifeanyichukwu Microfinance Bank Limited,78 Old Okigwe Road NA Quarters Agwu Enugu State
Ifedapo Microfinance Bank Limited,Ajegunle-Sango Road Saki Oyo State.
Ifelodun Microfinance Bank Limited,Charity Club House Oke-Afo Street Ikirun Osun State
Igangan Microfinance Bank Limited,No. 1 Community Bank Road Isale Akao Igangan Ibarapa L.G.A Oyo State
Igbo-Ora Microfinance Bank Limited,Asalu Compound Igberekodo Igbo Ora Ibarapa Central L.G.A Oyo State.
Igbo-Ukwu Microfinance Bank Limited,Nnobi/Ekwulobia Road Igbo-Ukwu Aguata L.G.A Anambra State
Ighomo Microfinance Bank Limited,7 Akpakpava Road Ring Road Benin City Edo State.
Ihechiowa Microfinance Bank Limited,Umuye Ihechiowa Arochukwu L.G.A Abia State
Ihiala Microfinance Bank limited,Bank House Orlu Road Ihiala Local Government Area Anambra State.
Ihioma Microfinance Bank Limited,245 Ihioma Road Orlu Imo State.
Ijare Microfinance Bank Limited,34 Obasola Street Ijare Ondo State
Ijebu Ife Microfinance Bank Limited,165 Ajalorun Street Ijebu-East Local Govt Area Ogun State.
Ijomu-Oro Microfinance Bank Limited,Opposite the Town's Market Ijomu-Oro Kwara State
Ikenne Microfinance Bank Limited,Tai Solarin Way Ikenne Remo Ikenne L.G.A Ogun State.\\tOGUN
Ikire Microfinance Bank Limited\\tUnit\\t133,Olorisa Oko Ikire Osun State\\tOSUN
Ikorodu Division Microfinance Bank Limited\\tUnit\\t102,Sagamu Road Ikorodu Lagos State\\tLAGOS
Ikoyi-Ile Microfinance Bank Limited\\tUnit\\tShehu Hannafi House,Igbeti Road Orire L.G.A Ikoyi-le Oyo State.
Ikoyi-Osun Microfinance Bank Limited,30 Ibadan Road Oju-OjaOsun State
Ilaro Polytechnic Microfinance Bank Limited,Audit Building East Campus Federal Polytechnic Ilaro Ogun State
Ile-Oluji Microfinance Bank Limited,3 Iparaku Street Oke-Aro Ile-Oluji Ondo State
Ilisan Microfinance Bank Limited,30 Olofin Street Ilisan-Remo Ogun State
Ilobu Microfinance Bank Limited,Osogbo Road Ilobu Osun State
Iloffa Microfinance Bank Limited,Ilorin/Lokoja Federal Highway Iloffa Oke-Ero L.G.A. Kwara State.
Ilora Microfinance Bank Limited,Akibo Market Oja-Isale Ilora Oyo
Ilorin Microfinance Bank Limited,Exit Gate of Baboko Market Along Kuntu Street Ilorin Kwara State
Iludun Oro Microfinance Bank Limited,Iludun-Oro Kwara State
Ilutuntun-Osoro Microfinance Bank Limited,2 Bank Road Broad Street Ilutuntun-Osoro Ondo State.
Imodi-Imosan Microfinance Bank Limited,19 Market Square Imodi-Ijebu Ogun State
IMOPOLY Microfinance Bank Limited,1 Polytechnic Avenue Umuagwo-Ohaji Imo State
Imowo Microfinance Bank Limited,51A Ibadan Road Ijebu Ode Ogun State.
IMSU Microfinance Bank Limited,Imo State University Owerri Imo State.
IMT Microfinance Bank Limited,IMT Campus Independence Layout Enugu Enugu State
Infinity Microfinance Bank Limited,580 IKORODU ROAD KOSOFE MILE 12 P.O. BOX 8293 SHOMOLU LAGOS
Ini Microfinance Bank Limited,4 Market Road Nkan Ini Local Government Area Akwa Ibom State.
Inri Microfinance Bank Limited,PLOT 100 OKIGWE/AFIKPO ROAD HOPEVILLE JUNCTION P.M.B 1012 UTURU ISU/3 L.G.A ABIA STATE
Insight Microfinance Bank Limited,A80 Oke Oja street Ijebu-Ijesha Ogun State.
Interland Microfinance Bank Limited,Atan Ilugun-Alaro Ijebu North-East LGA Ijebu-Ode Ogun State.
Ipapo Microfinance Bank Limited,Co-operative House Market Square Ipapo Itesiwaju L.G.A Oyo State.
Iperu Microfinance Bank Limited,94 Akesan Road Iperu Remo Ogun State.
IPMAN Satellite Microfinance Bank Limited,3 Alhaji Sunmonu Street Opp. NNPC Depot Ejigbo Lagos State.
Ipodo-Ikeja Microfinance Bank Limited,46 Obafemi Awolowo Way Ikeja Lagos State
Irolu-Remo Microfinance Bank Limited,Ijesha Ijebu Road Irolu-Remo Ogun State
Isale Oyo Microfinance Bank Limited,Sabo Market Isale Oyo Oyo State
Ishiagu Microfinance Bank Limited,Asa Road Ishiagu Ivo Local Govt Area Ebonyi State
Ishie Microfinance Bank Limited,165 Odukpani Road Ishie Town Calabar Cross River State.
Isi Aku Microfinance Bank Limited,No 25 Azikiwe Avenue Amawbia Awka South LGA Amawbia Anambra
Isi-Uzo Microfinance Bank Limited,Isi-Uzo Local Government Secretariat Isi-Uzo Enugu State
Island Microfinance Bank Limited,33 Moloney Street Obalende Ikoyi Lagos State
Isu Microfinance Bank Limited,Amurie Omanze Community Isu Local Govt Area Imo State
Isuofia Microfinance Bank Limited,Ekwusigo Park Isuofia Aguata L.G.A Anambra State
Ivie Microfinance Bank Limited,No. 108 Sapele Road Benin City Edo State
Iwa Microfinance Bank Limited,P.M.B. 008 Ayetoro-Oke Okeho Oyo State.
Iwade Microfinance Bank Limited,Iwade House Oke Aje Market Ijebu-Ode Ogun State
Iwoama Microfinance Bank Limited,No. 12 Okrika/Refinery 2D Okrika Mainland Okrika Rivers State
Iwoye-Ijesha Microfinance Bank Limited,1 Market Square Iwoye-IjeshaOsun State
Iyamoye Microfinance Bank Limited,Idifin Quarters Omuo Kabba Road Iyamoye Ijumu L.G.A Kogi State
Iya-Zakari Microfinance Bank Limited,NO. 8 MASHI TOWN MASHI L.G.A KATSINA STATE
Iyede Microfinance Bank Limited,Town Hall Square Otor-Iyede Isoko North L.G.A Delta State.
Iyeru Okin Microfinance Bank Limited,Olofa Way Offa Kwara State.
Iyin Ekiti Microfinance Bank Limited,128 Owolabi Street Iyin Ekiti Ekiti State
Izon Microfinance Bank Limiited,No. 8 Azikoro Road Off Melfrod Okilo Rd Yenogoa Bayelsa State
Jamis Microfinance Bank Limited,140 Benue Crescent Wadata Makurdi Benue State
Janmaa Microfinance Bank Limited,1 Jebba Junction Eiyenkorin Ilorin Kwara State.
Janzama Microfinance Bank Limited,No 01 Janzama Town Janzama Mani L.G.A Katsina State
Jen Microfinance Bank Limited,Near Government Day School Hen Karim Lanlido Taraba State
Jessefield Microfinance Bank Limited,9 Ayangburen Road Beside Access Bank Ikorodu Lagos State
Jewel Coop Microfinance Bank Limited,Commercial Layout Gombe
JHN Microfinance Bank Limited,Bank 6 Peka Close Wuse II Abuja
Jibia Microfinance Bank Limited,NO. 001 JIBIA TOWN JIBIA L.G.A. KATSINA STATE
Josad Microfinance Bank Limited,Near Esu Kuchikau Palace Kuchikau - Masaka Keffi-Abuja Expressway Karu LGC Nassarawa State
Kabba Microfinance Bank Limited,9 Market Road Kabba Kogi State
Kabo Microfinance Bank Limited,NEAR GARO MOTOR PARK KABO KANO STATE
Kada Microfinance Bank Limited,5 Richachikun Road Tundun Wada Kaduna State
Kadpoly Microfinance Bank Limited,Behind Central Admin Block Kaduna Polytechnic Tundunwada P.M.B 20121 Kaduna State
Kadupe Microfinance Bank Limited,Sango Market Saki Oyo State
Kamba Microfinance Bank Limited,Along Dole Kaino Road Kamba Dandi L.G.A Birnin-Kebbi Kebbi State.
Kangiwa Microfinance Bank Limited,Kangiwa Town Kangiwa Local Government Kebbi State
Kankara Microfinance Bank Limited,NO. 002 KANKARA TOWN KANKARA L.G.A. KATSINA STATE
Kankia Microfinance Bank Limited,NO. 4 KANKIA TOWN KANKIA L.G.A. KATSINA STATE
Kano-West Microfinance Bank Limited,Kofar Kudu Gwarzo Kano State
Katagum Microfinance Bank Limited,Palace Road Katagum Zaki LGA Bauchi State
Kaugama Microfinance Bank Limited,Yanleman Road Kaugama Jigawa State.
KCMB Microfinance Bank Ltd,159 Ibrahim Taiwo Road Ilorin Kwara State.
Keffi Microfinance Bank Limited,1 Abubakar Burga Road Turaki House Keffi Nasarawa State.
Kenechukwu Microfinance Bank Limited,Bishop Shenahan Hospital (Annex)46 Enugu Road Nsukka Enugu State
Kernel Microfinance Bank Limited,Oyo-Ibadan Road Idi-Agba Ilora Oyo Oyo State.
KHB Microfinance Bank Limited,5 Secretariat Road Kafin Hausa LGA Jigawa State
King Solomon Microfinance Bank LImited,132 Bode Thomas Street Surulere Lagos State
Kirfi Microfinance Bank Limited,KIRFI TOWN KIRFI LOCAL GOVT. AREA BAUCHI STATE
Kisi Microfinance Bank Limited,Central Market Square Kisi Oyo State
KJL Microfinance Bank Limited,Amazing Grace Plaza Alekuwodo Oke Fia Osogbo Osun State
KKU Microfinance Bank Limited,Kiru Town Kiru Local Govt Area. Kano State
KMC Microfinance Bank Limited,Kano Municipal Local Govt Area Kano State
Kogi Microfinance Bank Limited,Adankolo Area Opposite Kogi Transmission Station Lokoja Kogi State
Kontagora Microfinance Bank Limited,Old Market/Lagos-Kano Road Ungwuwan Gwari Kontagora Niger State
Kopo-Kope Microfinance Bank Limited,3-5 Iware Road Fiditi Oyo State.
Korede Microfinance Bank Limited,3 Luwoye Street Igbotako Ondo State.
Kpacharka Microfinance Bank Limited,Rofia/Yauri Road Agwara P.M.B 21 Kontagora Niger state.
Krgy Microfinance Bank Limited,KANTI AREA KAZAURE LGA JIGAWA STATE
Kuda Microfinance Bank Limited,151 Herbert Macaulay Road Yaba Lagos State
Kumbotso Microfinance Bank Limited,Kumbotso Local Government Area Kano State
Kunagaba Microfinance Bank Limited,KUMBASHI/KAKIHUM ROAD BANGI MARIGA L.G.A NIGER STATE
Kunchi Microfinance Bank Limited,Kunchi Town Kunchi Local Government Kano State.
Kura Microfinance Bank Limited,Kura Local Government Area Kano State
Kussalla Microfinance Bank Limi,KARAYE L.G.A. KANO STATE
Kwali Microfinance Bank Limited,Secretariat Kwali Area Council Kwali FCT Abuja
Kwasu Microfinance Bank Limited,Behind Administrative Complex Kwara State University Malete Moro Local Government Area Kwara
Kwatashi Microfinance Bank Limited,Gusau-Zaria Road Kwatarkwashi Zamfara State
La Fayette Microfinance Bank Limited,2 Adekunle Fajuyi Road Near Dugbe Market Ibadan Oyo State.
Landgold Microfinance Bank Limited,3 Oke-Aro Road Oke-Aro Ogun State
Langtang Microfinance Bank Limited,90 Solomon Lar Way Near Coca Cola Depot Langtang Langtang North LGC Plateau State
Lapai Microfinance Bank Limited,No. 7 Ahmadu Bello Way Lapai Niger State
LAPO Microfinance Bank,Plot 6 S & T Road Opposite Uselu Market Benin City Edo State
LASU Microfinance Bank Limited,Lagos State University Campus Lagos Badagry Expressway Ojo Lagos.
Lavender Microfinance Bank Limited,14 Lagos-Abeokuta Road Lafenwa-Abeokuta
Lavunkpan Microfinance Bank Limited,Lagos-Bida Road Lavun Local Govt Area Kutigi Niger State
Lawyers Microfinance Bank Limited,TRINITY HOUSE PLOT431 CADASTRAL ZONE B06 MABUSHI DISTRICT ABUJA
Layelu Microfinance Bank Limited,102 Broad Street Odo-Aye Ondo State
Leadcity Microfinance Bank Limited,Lead City University Old Toll Gate Ibadan/Lagos Expressway Ibadan Oyo State
Leap Microfinance Bank Limited,5 Okelue Street Off Nnebasi Road West End Asaba Delta State
Legacy Microfinance Bank Limited,Kafanchan Road P.O.Box 81 Zonkwa Kaduna State
Legend Microfinance Bank Limited,Old Okuku / Okua Road Junction Inisa Town Osun State
Levite Microfinance Bank Limited,192 Aba Road Port Harcourt Rivers State.
Liberty Microfinance Bank Limited,No. 16 Balewa Road Ankpa Kogi State
Lifegate Microfinance Bank Limited,497 Ikorodu Road Ketu Lagos State
Light Microfinance Bank Limited,NO 5 NOAD AVENUE BEHIND CBN JOS PLATEAU STATE
Links Microfinance Bank LImited,142 Ipaja Road Abesan Lagos
Living Spring Microfinance Bank Limited,1 Diamond Hill Calabar Cross River State
Lovonus Microfinance Bank Limited,8B Imam Augusto Close Off Olosa Street Victoria Island Lagos State
M & M Microfinance Bank Limited,Suite D1 Plot 599 Gwarjo Close Off Gimbaya Street Ahmadu Bello Way P.M.B 702 Garki Abuja
Mabinas Microfinance Bank Limited,F73/74 Mangal Plaza Central Market Off Ahmadu Bello Way Kaduna
Macrod Microfinance Bank Limited,63 Akpodiete Street Off Isoko Road Ughelli Delta State.
Madelyn Microfinance Bank Limited,18-22 Ekpowong Street Off Marina Road Eket Akwa Ibom State
Madobi Microfinance Bank Limited,Madobi Local Govt Area Kano
Magajin Gari Microfinance Bank Limited,Ago Market Behind Emir's Palace Ilorin Kwara State.
Magnet Microfinance Bank Limited,22 Tijani Ashogbon Street Bariga Lagos State.
Maigatari Microfinance Bank Limited,2 Chiroma Ahmadu Street Maigatari LGA Jigawa State
Main Trust Microfinance Bank Limited,49 Ladipo Street Mushin Lagos State
Mainland Microfinance Bank Limited,13 Odozi Street Agbor Delta State.
Mainsail Microfinance Bank Limited,Plot 25b Bodija Mini Shopping Centre Bodija Market Ibadan Oyo
Mainstreet Microfinance Bank Limited,51/55 Broad Street P.M.B. 12021 Lagos
Makoda Microfinance Bank Limited,No. 7 Makoda Town Kadoa Local Govt. Area Kano State
Malachy Microfinance Bank Ltd,No. 2 Eya Eta Street Calabar Cross River State
Manna Microfinance Bank Limited,254 Agege Motor Road Olorunsogo Mushin Lagos
MAPOLY Microfinance Bank Limited,Moshood Abiola Polytechnic Ojere Campus Ibara Abeokuta
Mar-Bonch Microfinance Bank Limited,14 Apongbon Street Lagos
Maritime Microfinance Bank Limited,No 16 Burma Road Apapa Lagos
Marvelous Microfinance Bank Limited,371 IKOTU IDIMU ISHERI OLOFIN LAGOS LAGOS STATE
Masoyi Microfinance Bank Limited,KAGARA RAFI LOCAL GOVT. AREA NIGER STATE
Matazu Microfinance Bank Limited,NO. 8 MATAZU TOWN MATAZU L.G.A. KATSINA STATE
Mautech Microfinance Bank Limited,Modibbo Adama University of Tecnology Yola Adamawa State
Maxitrust Microfinance Bank LImited,15B Agudama Street D-Line Port Harcourt
Mayfair Microfinance Bank Limited,28 Johnson Street Onike-Yaba
MBA Microfinance Bank Limited,51 Ashi-Bodija Road Ibadan Oyo State
Mbaitoli Microfinance Bank Limited,Nwaorieubi Market Square Obazu Village Mbieri Mbaitoli LGA Imo State
Mbawulu Microfinance Bank Limited,Zone 16 No. 6-9 Main Market Nnewi P.O.Box1155
Mega Microfinance Bank Limited,No.11 Sultan Dasuki Way Kubwa 2nd Gate Behind Advance Link Filling Station Kubwa Abuja Expressway Kubwa
Megapraise Microfinance Bank Limited,324 KM4 Refinery Road Ekpan Warri Delta State
Merchant Microfinance Bank Limited,163 Jubilee Road Aba Abia State
Mercury Microfinance Bank Limited,6 Olayiwola Street New Oko-Oba Ifako-Ijaiye Lagos
Meridian Microfinance Bank LImited,6 Marwa Road Finiger Estate Satellite Town Lagos
Merit Microfinance Bank Limited,No. 21 Orlu Road Amaigbo Imo State
Metro Microfinance Bank Limited,15 Otunubi Street Off Haruna Ogba Ikeja Lagos State
Mgbidi Microfinance Bank Limited,Owerri-Onitsha Road Mgbidi Imo State
Michael Okpara University of Agriculture Microfinance Bank Limited,PIUS ANYIM HALL MICHAEL OKPARA UNIVERSITY OF AGRICULATURE IKWUANA UMUDIKE KM 7 UMUAHIA/IKOT EKPENE ROAD UMUAHIA ABIA STATE
Michika Microfinance Bank Limited,Michika Main Market Adamawa State
Microvis Microfinance Bank Limited,Alhaji Y.A. Ahmed House F6 Ahmadu Bello Way Kaduna
Midland Microfinance Bank Limited,141 Olu-Obasanjo Road Port Harcourt Rivers State.
Minjibir Microfinance Bank Limited,No.3 Minjibir Town Kano State
Minji-Se Churchill Microfinance Bank Limited,26 Churchill Road Port Harcourt Rivers State.
Minna Microfinance Bank Limited,N.E. 150Y Adjacent Bank PHB Bosso Road Minna Niger State
Misau Microfinance Bank Limited,No. 2 Kano-Kari Road Misau Bauchi State.
Mkobo Microfinance Bank Limited,NO. 10 OLARENWAJU STREET INDUSTRIAL ESTATE OREGUN IKEJA LAGOS STATE
Model Microfinance Bank Limited,Akonobi Avenue P.O.Box 235 Neni Anaocha LGA Anambra State
Modiya Yekokpe Microfinance Bank Limited,Lagos-Kaduna Road Opposite GTC Mokwa Niger State
Molusi Microfinance Bank Limited,67A Apoje Road Oke Agbo Ijebu-Igbo Ogun State.
Monarch Microfinance Bank Limited,45 Ogoja Road PMB 056 Abakaliki Ebonyi State
Moneywell Microfinance Bank Limited,No. 1 Ezimgbu Road; Off Circular Road GRA Phase IV PortHarcourt Rivers State
Moneywise Microfinance Bank Limited,2 Olowu Street Off Awolowo Way Ikeja Lagos
Moniepoint Microfinance Bank Limited,Plot 7A Block 4 Admiralty Road Lekki Phase I Lagos Nigeria
Mopa Microfinance Bank Limited,Ilorin-Kabba Road P.M.B.10 Odole Mopa Mopamuro Kogi state.
Mouau Vasmus Microfinance Bank Limited,Michael Okpara University of Agriculture Umudike Km 7 Umuahia/Ikot Ekpene Road Ikwuano Umudike Abia State
Mountaintop (Mayfield) Microfinance Bank Limited,82 Adeniran Ogunsanya Street Surulere Lagos
Moyofade Microfinance Bank Limited,121 Oba Moyepe Way Ejigbo Osun State
Multivest Microfinance Bank Limited,11 Arulogun/Army Barracks Road Ojo Ibadan Ibadan Oyo State
Musharaka Microfinance Bank Limited,No.1A Murada Shopping Complex Opposite IBB Market Suleja Niger State
Mustard Microfinance Bank Limited,Plot 16 Omole Layout Ogunnusi Road Omole B/Stop Omole Ikeja Lagos
Mutual Benefits Microfinance Bank Limited,10 Apapa Road Oyingbo Ebutte-Metta Lagos State
Mutual Trust Microfinance Bank Limited,Plot 797 Adetokunbo Ademola Crescent Wuse 2 Abuja
Mwaghavul Microfinance Bank limited,16 A Pankshin Road P.O. Box283 Mangu Plateau
Nagarta Microfinance Bank Limited,No. 47 Abdullahi Fodio Road P.O.Box 4229 Sokoto
Naisa Microfinance Bank Limited,Along Kontagora Road Yauri Nsako NIger State
Nakowa Microfinance Bank Limited,No.9 Old Jos Road Opp. Jafaar Gate Kongo P.M.B 1150 Zaria L.G.A Kaduna State
Namoda Microfinance Bank Limited,Kaura Namoda Zamfara State
Nanka Microfinance Bank Limited,AFOR UDO MARKET NANKA ORUMBA NORTH LOCAL GOVT. AREA ANAMBRA STATE
NARICT Microfinance Bank Limited,Naational Research Institute for Chemical Technology KM 4 Old Kano Road Basawa Zaria Kaduna
Nassarawa Microfinance Bank Limited,17 Umaru Makama Dogo Road Nasarawa Nassarawa State.
Nations Microfinance Bank Limited,80 Orlu Road Nkwere Imo State.
Navy Microfinance Bank Limited,Garki Modern Market Section 4 Shop 6 Block 4 Garki Abuja
Ndiagu Microfinance Bank Limited,101 Ogoja Road Ndiagu LayoutAbakiliki Ebonyi State
Ndiolu Microfinance Bank Limited,Parmanent Site Government House P.M.B. 6031 Awka Anambra State
Ndiorah Microfinance Bank Limited,1 Okosisi Lane New Parts Market Nkpor Onitsha Anambra State.
Nenzit Microfinance Bank Limited,Samaru-Kataf Round-About Zamaru-Kataf Zango-Kataf Kataf LGA Kaduna State
Network Microfinance Bank LImited,68 Ayangburen Road P.O.Box 2525 Ikorodu Lagos
Neu-Kom Microfinance Bank Limited,BLK C14 C15 C46 BANEX PLAZA PLOT 641 AMINU KANO CRESCENT WUSE II ABUJA
New Age Microfinance Bank Limited,Old UAC Building Osele Market Ikare Ondo State
New Era Microfinance Bank Limited,Bolorunpelu Market Lanlante Oyo State
New Golden Pastures Microfinance Bank Limited,197 Warri/Sapele Road Warri Delta State.
New Vision Microfinance Bank Limited,Takie Square Ilorin Road Ogbomosho Oyo State.
New World Microfinance Bank Limited,No 1 Salhi Road Birnin-Kudu L.G.A Jigawa State.
Ngala Microfinance Bank Limited,Along Main Road Gamboru-Ngala Borno State
Ngbo Microfinance Bank Limited,NKWO MGBO MARKET SQUARE OHAUKWU L.G.A. EBONYI STATE
Nice Microfinance Bank Limited,P.M.B.2002 Awka South LGA Anambra State
Nigerian Prisons Microfinance Bank Limited,71 Nigerian Prisons Complex Agodi Ibadan Oyo State.
Ni'ima Microfinance Bank Limited,Bagudo Town Bagudo Local Government Kebbi State
Ningi Microfinance Bank Limited,4 Bank Road Ningi LGA Bauchi State
Nkpa Microfinance Bank Limited.,Amaohoro Nkpa Bende L.G.A Abia State.
Nkpologwu Microfinance Bank Limited,Eke Market Nkpologwu P.M.B.25 Aguata Anambra State
Nkpolu-UST Microfinance Bank Limited,University of Science & Technology Port Harcourt Rivers State.
NNEW Women's Microfinance Bank,70 Ogunnusi Road Akiode Bustop Ojodu Lagos State
Nnokwa Microfinance Bank Limited,Eke Nnokwa Market Square P.O.Box 155 Nnokwa Anambra State
Noble Microfinance Bank Limited,22 Agulu Avenue Amafor West Nkpor Agu Anambra State
Nopov Microfinance Bank Limited,1 Uwor Street Ogbeowele Ibusa Delta State
North Capital Microfinance Bank Limited,Unguwar Sarki Batasari Batsari Local Govt Area Katsina State
Northbridge Microfinance Bank Limited,Dantata Shopping Plaza Ibrahim Taiwo Road Murtala Muhammed Way P.O.Box2866 Kano Kano State
NOUN (National Open University) Microfinance Bank,Temmiya Jummat Mosque Dei-Dei/Dakwa Road Abuja no 5 Daresalam Wuse 2 Abuja Limited
Novel Microfinance Bank LImited,123 Apapa Road Ebute Metta Lagos State.
NPF Microfinance Bank Limited,1 Ikoyi Road Obalende Lagos State
Nri Microfinance Bank Limited,Eke Market Square Nri Anaocha Local Govt Area Anambra State.
Nsehe Microfinance Bank Limited,115 Ikot Ekpene Road P.M.B.1168 Uyo Akwa Ibom State.
Nsu Microfinance Bank Limited,Orieagu-Umuahia Road Umuakagu Nsu Ehime Mbano L.G.A Imo State
Nsukka Township Microfinance Bank Limited,69 Enugu Road Nsukka Enugu State
Numo Microfinance Bank Limited,Umueze Umunumo Ehime Ehime Mbano Local Govt Area Imo State.
Nun Microfinance Bank Limited,KM25 Mbiama/Yenegoa Road Yenizue-Crene Yenagoa Bayelsa State.
NUT Endwell Microfinance Bank Limited,Af. 19 Gwandu Road Kaduna Kaduna State
Nwabosi Microfinance Bank Limited,Isiekenesi Ideato South Local Govt Area Imo State.
Nwannegadi Microfinance Bank Limited,51 Bishop Shenahan College Road Orlu Imo State.
OAF Microfinance Bank Limited,NO. 76 Akinjide Plaza 4th Floor Adekunle Fajuyi Road Adamasingba Mokola Ibadan Oyo State
Oakland Microfinance Bank Limited,Sokedile House Oka Akoko South LGA Ondo State.
Oba Microfinance Bank Limited,Afor Oba Market Square Oba Idemili L.G.A Anambra State
Obafemi Awolowo University Microfinance Bank Limited,Oduduwa Hall Complex Obafemi Awolowo University Osun State.
Obeledu Microfinance Bank Limited,Jemko House Obeledu-Igbo Ukwu Road Anaocha LGA
Obodoukwu Microfinance Bank Limited,Ideato North Local Govt Area Imo State.
Obokun Microfinance Bank Limited,Adeyemi House Ogo Agbala Street Ibokun Osun State
Obollo Microfinance Bank Limited,21 University Road Obollo-Afor Udenu L.G.A Enugu State.
Obosi Microfinance Bank Limited,Mike Ajaegbo Road Obosi Idemili L.G.A Anambra
Obudu Microfinance Bank Limited,No. 1 Ranch Road Obudu Cross River State.
Oche Microfinance Bank Limited,Plot 5 Futo Road Nkwo-Ukwu Ihiagwa Market Owerri West Imo State.
OCON Success Microfinance Bank Limited,Fakeye Area Oja-Odan Yewa North Ilaro Ogun State.
Octopus Microfinance Bank Limited,24 Community Road Opp. Police Station Otto-Ijanikin Km 28 Badagry Expressway Lagos
Odoakpu Microfinance Bank Limited,81 Bida Road P.O.Box 548 Onitsha Anambra State
Odu Microfinance Bank Limited,Anyigba-Dekina Road P.O.Box 35 Odu Dekina Kogi State
Oduduwa Microfinance Bank Limited,5B Aderemi Road Ile-Ife Osun State.
Ogbe-Ahiara Microfinance Bank Limited,Onugot House Afor Ogbe MarketP.O.Box 54 Ogbe Ahiara Ahiazu Mbaise Imo State
Ogberuru Microfinance Bank Limited,Eke Market Square Ogberuru Imo State.
Ogbete Microfinance Bank Limited,Local Govt Building Ogbete Main Market Ogbete Enugu State
Ogboefere Microfinance Bank Limited,Ogboefere Market P.O. Box 11002 Onitsha Anambra State
Ogidi Microfinance Bank Limited,Akpakaogwe Old Enugu/Onitsha Road Ogidi Anambra State
Ogige Microfinance Bank Limited,20 Market Road Alu Dele Nsukka Enugu State.
Ogiyan Microfinance Bank Limited,Opposite Central Mosque Oja-Oba Ejigbo Osun State
Ogoja Microfinance Bank Limited,27 Mission Road Igoli- Ogoja Cross River State.
Ohafia Microfinance Bank Limited,122 Arochukwu Road Ohafia Abia State
Ohambele Microfinance Bank Limited,Ukwa East L.G.A Abia State.
Ohha Microfinance Bank Limited,No. 1 Ogui Road Enugu Enugu State
Ohon Microfinance Bank Limited,Aiyeunle-Gbedde Ijumu L.G.A Kogi State
Oja Tesan Egbeda Microfinance Bank Limited,2 Station Market Road Erunmu Egbeda L. G. A Ibadan Oyo State
Ojokoro Microfinance Bank Limited,Lagos-Abeokuta Express Ijaiye Bus Stop Ojokoro Lagos State
Okada Microfinance Bank Limited,Â  1 Mission Road Okada Ovia North East L.G.A Edo State NigeriaÂ 
Okeagbe Microfinance Bank Limited,A2 Rufus Giwa Road Afa Okeagbe Ondo State
Okebola NUT Microfinance Bank Limited,Oke-Bola Teachers' Cooperative House Opposite St. Theresa's College Oke-Ado IbadanOyo State
Okengwe Microfinance Bank Limited,1 Lagos Road c/o Okengwe P.A Ozuja Ward Okengwe Okene Kogi State
Oke-Oba Microfinance Bank Limited,Ogbomoso-Igbeti Road Tewure Orire Local Govt Area Ogbomosho Oyo State
Oko Microfinance Bank Limited,Bank House Opposite Federal Polytechnic Oko Orumba North L.G.A Anambra State
Okpe Microfinance Bank Limited,Old Market Square (Afieyi) Oha Orerokpe Okpe Local Govt Area Delta State
Okpofe Microfinance Bank Limited,Afor Ekiri Market Square Ezin-ihitte Mbaise Imo State.
Okpoga Microfinance Bank Limited,Bank Road Ugwu-Okpoga Okpokwu L.G.A Benue State
Okporo Microfinance Bank Limited,Okporo Postal Agency Building Okporo-Orlu L.G.A Imo State
Okuku Microfinance Bank Limited,Oba Oyinlola Way Okuku Osun State.
Okuta Microfinance Bank Limited,75 Akpakpava Road Benin City Edo State
Okwo-Oha Microfinance Bank Limited (formerly Izzi MFB Ltd),Iboko Town Izzi Local Government Area Ebonyi State.
Ola Microfinance Bank Limited,No. 1 Bank Road Ola Ejigbo Local Govt Area Osun State
Olabisi Onabanjo University Microfinance Bank Limited,Mini Campus Olabisi Onabanjo University Ago Iwoye Ogun State
Olive Microfinance Bank Limited,150 Obafemi Awolowo Way Ikeja
Olofin Microfinance Bank Limited,2 Moore Street Ile-Ife Osun State.
Olofin-Owena Microfinance Bank Limited,NO.1 MARKET STREET OWENA IJESHA ORIADE L.G.A. OSUN STATE
Ologbon Microfinance Bank Limited,P.O. BOX 844 Ologbon Area Osogbo Road Ogbomoso Oyo State.
Olowolagba Microfinance Bank Limited,P.O.BOX 170 Deborah House Sabo Ogbomoso Oyo State
Olu-Basiri Microfinance Bank Limited,205 Old Ikirun Road Sabo Junction Oshogbo Osun State
Oluchukwu Microfinance Bank Limited,Bethany House1 Akor Street Onitsha Anambra State
Omak Microfinance Bank Limited,33 Station Road Oshogbo Osun State
Omiye Microfinance Bank Limited,Co-operative Building Market Square Ilupeju-Ekiti Ekiti State
Omu Microfinance Bank Limited,1 Otunba Gbenga Daniel Road Omu Ijebu Ogun State.
Omu-Aran Microfinance Bank Limited,92 Aperan Road P.M.B 1037 Omu-Aran Kwara State.
Omuma Microfinance Bank Limited,Bank House Omuma Market Square Omuma Oru East L.G.A Imo State
Onibu-Ore Microfinance Bank Limited,SW9/90 Dogo Bus Stop Apata Ibadan Oyo State.
Onima Microfinance Bank Limited,Onicha Ezin Ihitte Mbaise Local Govt Area Imo State
Onyx Microfinance Bank Limited,Igbehinadun Street By Bolade B/Stop Oshodi Lagos
Oraezue Microfinance Bank Limited,3 Igwieke Odu Street Onitsha Anambra State
Oraukwu Microfinance Bank Limited,P.O.Box 127 Oraukwu Town Idemili LGA Anambra State
,
Oredegbe Microfinance Bank Limited,42 Igbalaye Street Idanre Road Oke-Aro Ondo State
Orie-Orba Microfinance Bank Limited,1 Obollo Road Orba Udenu Local Govt AreaEnugu State
Orilonise Microfinance Bank Limited,Agbeni Market Ibadan South West Local Government Area of Oyo State
Orisun Microfinance Bank Limited,16 Meleki Street Olusegun Osoba Way Ago Iwoye Ogun State
Orita Basorun Microfinance Bank Limited,Plot 1 Salami Layout Orita Basorun Ibadan Oyo State
Orokam Microfinance Bank Limited,PMB 01 Orokam Ogbadigbo LGA Benue State
Oroke Microfinance Bank Limited,Ibaka Quarters Ikare Road Akungba Akoko Ondo State
Oros Capital Microfinance Bank Limited,17 Commercial Avenue Yaba Lagos State
Orsuihiteukwa Microfinance Bank Limited,Ekeututu Market Square Orsuihiteukwa Orsu L.G.A Imo State
Osanta Microfinance Bank Limited,Dibu Ojerinde House Ajegunle Oke-Afin Igboho Orelope L.G.A Oyo State
OSCT Microfinance Bank Limited,Osun State College of Technology Esa Oke Osun State
Osi Microfinance Bank Limited,Egbe Road Osi Ekiti Local Govt Area Kwara State
Osina Microfinance Bank Limited,Afor Osina Ideato North Local Govt Area Imo State
Osogbo Microfinance Bank Limited,Opposite Osun State Hospital Management Board New Orisumbare Market Oshogbo Osun State
Osomhe Microfinance Bank Limited,Mission Road Iyhiochia Quarters Fugar Edo State
Ospoly Microfinance Bank Limited,Osun State Polytechnic Campus Iree Osun State
Osumenyi Microfinance Bank Limited,Eke Market Square P.O.Box 191 Osumenyi Nnewi South LGA Anambra State.
Otukpo Microfinance Bank Limited,7 Makurdi Road Otukpo Benue State
Otuo Microfinance Bank Limited,Oluma Quarters Otuo Afuze Owan East Local Govt Area Edo State
Ours Microfinance Bank Limited,23/25 Olofa Way Offa Kwara State
Ovidi Microfinance Bank Limited,1 Attah Road Okene Kogi State
Owotutu Microfinance Bank Limited,23 Ladipo Street Mushin Lagos
Oyan Microfinance Bank Limited,Oyan Asaba Road Owode Market Square Oyan Osun State.
Ozizza Microfinance Bank Limited,No. 1 Water Works Road Abakiliki Ebonyi State.
Pace-Setter Microfinance Bank Limited,Confidence Motors Office Complex Sabo Ojoo Ibadan Oyo State
Page Credit Microfinance Bank Limited,18 Norman Williams Street Ikoyi Lagos State
Palmcoast Microfinance Bank Limited,3 Awka Efak Street Uyo LGA Akwa-Ibom State.
Pana Microfinance Bank Limited,Former Bank of the North Building Opp. U.K. Bello Primary School Paiko Niger State.
Parallex Microfinance Bank Limited,55 Kudirat Abiola Way Oregun-Ikeja
Parkway Microfinance Bank Limited,102/109 Broad Street Mandilas Building Lagos Lagos Island
Partnership Microfinance Bank Limited,5b Oguta Road Onitsha Anambra State
Pathfinder Microfinance Bank Limited,Osogbo Road Temidire Okejigbo Ila Orangun Osun State
Patrickgold Microfinance Bank Limited,No.95 Old Abeokuta Motor Road Opp. Post Office Agege Lagos
Peace Microfinance Bank Limited,Utako District Abuja
Pearl Microfinance Bank Limited,6 Taiwo Ishola Street Off Lola Holloway Street Omole Phase 1 Ojodu Lagos
Pecan Trust Microfinance Bank Limited,Plot 5a No 32 Grace Anjous Lekki Phase 1 Lekki Lagos
Peniel Microfinance Bank Limited,Km 20 Badagry Expressway Opp. LASU Main Gate Ojo LGA Lagos State
Peninsula Microfinance Bank Limited,1ST FLOOR CONOIL BUILDING BUDO LAYOUT AJIWE AJAH-LEKKI EXPRESS WAY LAGOS STATE
Pennywise Microfinance Bank Limited,C/o Mrs Monotimbo Ayinde95 Awolowo Road Lagos State
Pentecost Microfinance Bank Limited,DCC (Anglican Communion) 10-16 Nnobi Road Nnewi Anambra State
Peoples Microfinance Bank Limited,Orofia Industrial Layout Abagana Njijoka LGA Anambra State
Personal Trust Microfinance Bank Limited,67 Ogunlana Drive SuruLere Lagos
Petra Microfinance Bank Limited,St. Dominic Priory; 356 Herbert Macaulay Way Yaba Lagos State
Phoenix Microfinance Bank Limited,IBB Market GRA Road P.M.B. 65 Suleja Niger State
Pillar Microfinance Bank Limited,Plot 12 Julius Nyerere Crescent Asokoro Abuja FCT
Polybadan Microfinance Bank Limited,The Polytechnic Ibadan Ventures P.M.B. 22 U.I. Post Office Ibadan Oyo State
Polyunwana Microfinance Bank Limited,Akanu Ibiam Federal Polytechnic Unwana Afikpo Ebonyi State
Premium Microfinance Bank Limited,202 Olu-Obasanjo Road Port-Harcourt Rivers State
Primera Credit Microfinance Bank Limited,385 Ikorodu Road Ojota Lagos State
Prisco Microfinance Bank Limited,Enugu
Progressive Link Microfinance Bank Limited,Isanlu Yagba East Local Government Area Kogi State
Prolific Microfinance Bank Limited,9 Ijaiye Road Sango-Agege Lagos State
Prospects Microfinance Bank LImited,C/O J.J. Akpan; 93 Udo Umana StreetUyo Akwa Ibom State
Prosperity Microfinance Bank Limited,1 Siluko Road Benin City Edo State
Providence Microfinance Bank Limited,Suite 3; 21 Ogundana Street Off Allen Avenue Ikeja
Prudential Cooperative Microfinance Bank Limited,Km 5 Uyo-Ikot Ekpene Road Essien Udom L.G.A. Akwa Ibom State
Purple Money Microfinance Bank Limited,Plot 69 Admiralty Way Lekki Phase 1 Lagos
Pyramid Microfinance Bank Limited,Spicery Building 11/13 Onayade Street Igbobi Sabe Jibowu Lagos
Quicash Microfinance Bank Limited,Plot 5A Block A10 Admiralty Way Lekki Phase 2 Lekki Lagos
Rakib Microfinance Bank Limited,Kibiya Town Kibiya L.G.A Kano State
Randalpha Microfinance Bank Limited,P.O.BOX.1921 Randa Area Behind Baptist Seminary Ogbomoso Oyo State
Ranmilowo Microfinance Bank Limited,Apinnite Area Saki Oyo State
Rano Microfinance Bank Limited,RANO MFB RANO TOWN KANO LOCAL GOVERNMENT AREAS KANO STATE
Rayyan Microfinance Limited,Â Plot1 Beside Bama Motor Park Bama Road Maiduguri Borno State
Reality Microfinance Bank Limited,Reality House Oladele George Street By AP Filling Station Sawmill Old Ife Road Ibadan Oyo State
Regent Microfinance Bank Limited,Plot 1186 Cadastral Zone B06 Mabushi District Along Kado Expressway Abuja
Rehoboth Microfinance Bank Limited,13 Aweh Crescent Onipanu Shomolu Lagos
Reliance Microfinance Bank Limited,Plot 4 Oyetubo Street Off Obafemi Awolowo Road Ikeja Lagos
RenMoney (Rencredit) Microfinance Bank Limited,89 Awolowo Road Ikoyi Lagos
Rephidim Microfinance Bank Limited,No 10 Lateef Salami Street Ajao Estate Lagos
RIC Microfinance Bank Limited,1 Adeola Hopewell Street Victoria Island
Richway Microfinance Bank Ltd,Plot 27 Admiralty Way Lekki Phase 1 Lekki Lagos State
Riggs Microfinance Bank LImited,5 Imam Abib Adetoro Street Off Ajose Adeogun Victoria Island
RIMA Growth Pathway Microfinance Bank Limited,STATE SECRETARIATE (Podium Building) PORTHARCOURT RIVERS STATE
Rima Microfinance Bank limited,Sambo Road S/Gari Goronyo P.M.B. 02355 Sokoto Sokoto State
Rimin Gado Microfinance Bank Limited,10 Rimin Gado Town Kano State
Ringim Microfinance Bank Limited,Opp. Ringim Central Market Ringim LGA Jigawa State
Riverside Microfinance Bank Limited,Market Road Ado Odo Ogun State
Rockshield Microfinance Bank Limited,Olorunfemi Plaza 398 Ikorodu Road Ojota Lagos
Rogo Microfinance Bank Limited,Rogo Town Rogo Local Govt. Area. Kano State
Royal Blue Microfinance Bank Limited,127 Herbert Macaulay Street Ebute-Metta
Royal Child Heritage Microfinance Bank Ltd,No. 5 Kokoma Close Wuse 2 Abuja
Royal Exchange Microfinance Bank Limited,34/36 Apapa-Oshodi Expressway Charity Bus Stop Oshodi Lagos
Royal Life Key Microfinance Bank Limited,No. 1 Ekukinam Street Opposite Utako Modern Market Utako Abuja FCT
Royal Microfinance Bank Limited,No. 7 King Jaja Street Borokiri Port Harcourt Rivers State.
Sabon Yelwa Microfinance Bank Limited,85 Kachia Road Sabon Tasha Kaduna
Sabuwa Microfinance Bank Limited,NO. 10 SABUWA TOWN SABUWA L. G. A. KATSINA STATE
Sadau Microfinance Bank Limited,2 Kofar Fada Road Itas Bauchi State
Safe Haven Microfinance Bank Limited,Block B-SB1 2 Heroes Plaza145 Adetokunbo Ademola Crescent Wuse II Abuja
Safegate Microfinance Bank Limited,1st Floor No. 26 Obafemi Awolowo Way Ikeja Lagos State
Safeline Microfinance Bank Limited,50 LIBREVILLE STREET OFF AMINU KANO CRESCENT WUSE II ABUJA
Sagamu Microfinance Bank Limited,67 Ewusi Street Sagamu
Sal-Fol Microfinance Bank Limited,25 Ibadan Municipal Shopping Complex Bank Road Bodija Oyo State
Sanchi Microfinance Bank Limited,
Sandamu Microfinance Bank Limited,9 Sandamu Town Sandamu Local Government Katsina
Sanga Microfinance Bank Limited,Abubakar Maiko House Akwanga Road Sanga LGA Kaduna State
Santrust Microfinance Bank Limited,314B Akin Ogunlewe Street Off Ligali Ayorinde Victoria Island Lagos
Sapida Microfinance Bank Limited,Oja Ijebu Imusin Ijebu East Ogun State
Sapphire Microfinance Bank Limited,111 Abak Road Uyo Akwa Ibom State.
Sarkin Kudu Microfinance Bank Limited,NO. 16 DANJA TOWN DANJA L.G.A. KATSINA STATE
Savings Corp Microfinance Bank Limited,Plot D43 Lagos Crescent Off Ladoke Akintola Boulevard Opposite Entrance to Garki Model Market Garki Abuja
Saviour Microfinance Bank Limited,141 Owerri Road Okigwe Imo State
SBDC Microfinance Bank LImited,Investment House Ring Road Benin-City Edo State
SEAP Microfinance Bank Limited,2/404 Adeoye Agbadudu Road Ibadan Oyo State
Seed Capital Microfinance Bank Limited,2 Montgomery Road Yaba
Seedvest Microfinance Bank Limited,15 Awolowo Way J. Allen Area Dugbe Ibadan
Senchi Microfinance Bank Limited,Senchi Town Zuru Local Government Area Kebbi State
Sepeteri Microfinance Bank Limited,Saki Road Idi-Emi Saki East Local Govt Area Oyo State
Shanono Microfinance Bank Limited,Shanono L.G.A Kano State
Shelter Microfinance Bank Limited,24 Ado Badore Road Ajah Lekki-Epe Expresway Lagos State
Shepherd Trust Microfinance Bank Limited,22 Thomas Salako Street Ogba Ikeja Lagos State
Shield Microfinance Bank Limited,Obada Market Ilara Mokin Ifedore Local Govt Area Ondo State
Shinkafi Microfinance Bank Limited,15 Sabon Birni Road Shinkafi Zamfara State
Shongom Microfinance Bank Limited,Off Yola Road Kaltungo Gombe State
Shoreline Microfinance Bank Limited,10 Aerodrome Road Apapa Apapa L.G.A Lagos
Sincere Microfinance Bank Limited,145 Olofa Way Offa Kwara State.
Sky-line Microfinance Bank Limited,No.2 Baba Street Abuja-Keffi Road New Karu Opp. Conoil Filling Station By Abacha RoadPO Box 7473 Abuja Mararaba Nasarawa State.
SLS Microfinance Bank Limited,FF 105 MKK Complex Gudu Market Complex Junction Gudu District Abuja FCT
Snow Microfinance Bank LImited,118 Coker Road Ilupeju Lagos
Solid Allianz Microfinance Bank Limited,NO 1 ANUOLUWAPO STREET SOMOLU LAGOS
Solid Base Microfinance Bank Limited,Okedagba Quarters Opposite Baptist High School Ekinri Adde Ijumu L.G.A Kogi State
Solid Rock Microfinance Bank Limited,17 Ijemo Agbadu Road Agoko Abeokuta Ogun State.
Sovereign Microfinance Bank Limited,45 Isolo Road Mushin Lagos State
Spec Microfinance Bank Limited,Block 23 Algeria Street Behind Neighbourhood Centre Wuse Zone 3 Abuja
Splendid Microfinance Bank Limited,75 Aguiyi Ironsi Street Maitama District Abuja
Stako Microfinance Bank Limited,74 Mobil Road Ajegunle Apapa LGA Lagos State
Stallion Microfinance Bank Limited,38 Ogunlana Drive Surulere Lagos State
Standard Microfinance Bank Limited,Bornoma House No 94 Mohammed Mustapha Way Jimeta-Yola Adamawa State
Stanford (Formerly Merchants) Microfinance Bank Limited,PLOT 115 F LINE EWET HOUSING ESTATE UYO AKWA IBOM STATE
Star Microfinance Bank Limited,45 Samson Odugbesan Street Oke-Ala Ososa-Ijebu Ogun State.
Stateside Microfinance Bank Limited,2 Creek Road ApapaLagos State.
Still Waters Microfinance Bank Limited,NO. 1/3 CREEK ROAD APAPA LAGOS STATE
Stockcorp Microfinance Bank Limited,95 Olofa Way Offa Kwara State
Suisse Microfinance Bank Limited,Gacoun Plaza 2nd Avenue 23 Road K Close Festac Town Lagos State.
Sulspap Microfinance Bank Limited,275 Egbeda Idimu Road Pipeline Bus-Stop Opposite Area M Police Command Isheri Idimu
Sumaila Microfinance Bank Limited,Sumaila Town Sumaila L.G.A. Kano State
Sunbeam Microfinance Bank Limited,1 Ugbonhan Street Efon Alaye Ekiti State.
Sunrise Microfinance Bank Limited,6 Ajayi Aina Street Ifako-Gbagada Lagos State
Support Microfinance Bank Limited,22 Isheri North Road Isheri Estate Ifo-Otta LGA Ogun State.
Supreme Microfinance Bank Limited,2A Alhaja Abass Street Alhaja Bus Stop Ogudu GRA- Ogudu Ojota Lagos
Sure Anchor Microfinance Bank Limited,No 50 Chief S.N. Okeke Road by Cathedral Church Amichi Nnewi South LGA Anambra
Surelife Microfinance Bank Limited,88 HOSPITAL ROAD KHANA LOCAL GOVT. AREA RIVERS STATE
Susu Microfinance Bank Limited,34 Commercial Avenue Sabo-Yaba Lagos State
Swift Microfinance Bank Limited,96 Asa Road P.M.B 7287 Aba Abia State
Takai Microfinance Bank Limited,Takai L.G.A Kano State
Tanadi Microfinance Bank Limited,ALONG ZUNGERU-BIDA ROAD EMIWORO WUSHISHI NIGER STATE
Tangale Microfinance Bank Limited,60 Gombe-Yola Road Billiri Gombe State.
Taraba Microfinance Bank Limited,19 Ahmadu Bello Way Jalingo Taraba State.
Tasued Microfinance Bank Limited,Tai Solarin University of Education Ijebu-Ode Ogun State
Tattali Microfinance Bank Limited,Kaduna Lagos Road Makera Mashegu L.G.A Niger State.
Taura Microfinance Bank Limited,No 1 Main Street Taura Jigawa State
TCF Microfinance Bank Limited,No 2A Osborne Road Pees Galleria Suite 4 1st Floor Ikoyi Lagps
The Millennium Microfinance Bank Ltd,No. 1 St. Paul University Premises ZIKS Avenue Awka Anambra
Tijarah Microfinance Bank Limited,TIJARAH MFB STABLE PLAZA2 MURTALA MOHAMMED WAY BAUCHI BAUCHI STATE
Time Microfinance Bank Limited,5 Kachia Road Adjacent Zenith Bank Kafanchan Kaduna State
Titare Microfinance Bank Limited,Marine Base Bus Stop Marine Base Port Harcourt Rivers State.
Tofa Microfinance Bank Limited,No. 1 Tofa Town Kano State
Toki Rainbow Microfinance Bank Limited,68 Nkpogu Street Off Trans Amadi Industrial Layout Port -Harcourt Rivers State
Topclass Microfinance Bank Limited,14 New Market Road Onitsha Anambra State
Total Trust Microfinance Bank Limited,19 Odunawo Street Onitsha Anambra State
Touchgold Microfinance Bank Limited,354 Abeokuta Expressway Abule Egba Agege Lagos State
Townserve Microfinance Bank LImited,2 TOS Benson Road Ikorodu Lagos State.
Transwealth Microfinance Bank Limited,16 Estate Hospital Road Dallimore Junction Ado-Ekiti Ekiti State
Treasures Microfinance Bank Limited,No 1 Bakare Street Ojodu-Berger Bus Stop Ojodu Lagos
Trident Microfinance Bank Ltd,3rd Floor Plot 1042 Kur Mohammed Street Central Business District Abuja
Trinity Microfinance Bank Limited,18 Moloney Street Obalende Lagos State
Tripple A Microfinance Bank Limited,AMAC JABI ABUJA FCT
Truebond Microfinance Bank LImited,27 Adeola Adeleye Street Off Coker Road Ilupeju Kosofe LGA Lagos State
Trust Microfinance Bank Limited,10 Local Govt Road Owode-Egba Ogun State.
Trustfund Microfinance Bank Limited,60 Adesuwa Road G.R.A Benin City Edo State
Tsanyawa Microfinance Bank Limited,Old People Bank Along Katsina Road Tsanyawa Kano State
TSM Microfinance Bank Limited,15A Adebisi Popoola Street Lekki Phase I Eti-Osa Lagos State
Tudun Wada Microfinance Limited,TUDUN WADA L.G.A. KANO STATE
U & C Microfinance Bank Limited,Choba Park Shopping Complex University of Port Harcourt Rivers State.
Ubulu Microfinance Bank Limited,Ogwashi-Uku-Umunede Road Ubulu-Uku Aniocha LGA Delta State
UCB Microfinance Bank Limited,Old Afor Market Square Umunya Oyi Local Govt Area Anambra State
Uda Microfinance Bank Limited,35 Market Road Eguare-Ekpoma Esan LGA Edo State
Udoka Microfinance Bank Limited,Nwagu Market Square Agulu Anaocha LGA Anambra State
Uga Microfinance Bank Limited,Oye Market Square P.O.Box 508 Uga Aguata LGA Anambra State
Ugboju Microfinance Bank Limited,Onyagede/Ankpa Rd Ogobia-Ugboju Road P.O.Box 1260 Otukpo Benue State
Ugborimili Microfinance Bank Limited,Ogbo-Ogwu Abuja Line Bridge Head Market Fegge Onitsha Anambra State
Ukpor Microfinance Bank Limited,Afor Ukpor Market Nnewi South LGA Anambra State
Ukwala Microfinance Bank Limited,Mike Ajegbo Street Obosi Anambra
Ulayin Microfinance Bank Limited,18 Okeyinmi Street P.O. Box 273 Ado-Ekiti Ekiti State
Uli Microfinance Bank Limited,KM 45 Onitsha-Owerri Road P.M.B.144Uli Anambra State
Ultimate Benefit Microfinance Bank Limited,150C Okene/Kabba Road Lokoja Kogi State
Ultimate Microfinance Bank Limited,Sikiru Ayinde Oluwo House Owode market Ayobo Road Ipaja Lagos State
Umejei Microfinance Bank Limited,124B Umujei Road P.M.B 1007 Ibusa Oshimilli LGA Delta State
Ummah Microfinance Bank Limited,Sokoto Street Yola Market Adamawa State
Umuawulu Microfinance Bank Limited,Umuawulu Awka South Local Govt Area Anambra State
Umuchinemere Procredit Microfinance Bank Limited,Plot 5 Ikwuato Street Uwani Enugu State
Umuchukwu Microfinance Bank Limited,6 Bende Road Umuahia Abia State
Umunnachi Microfinance Bank Limited,St. Theresa's Catholic Cathedral Church Ogoja Road Abakaliki Ebonyi State
Umunne Microfinance Bank Limited,3 Analikwu Road Nimo Njikoka Local Government Area Anambra State
Umuoji Microfinance Bank Limited,Nkpor/Umuoji Road Umuoji Idemili North Local Govt Area Anambra State
UMYU Microfinance Bank Limited,Umaru Musa Yar'Adua University KM 10 Dutsinma Road Katsina State
UNAAB Microfinance Bank Limited,University of Agriculture Abeokuta Abeokuta Ogun State
Ungogo Microfinance Bank Limited,Ungogo Local Government Area Council Kano Kano State
Unibadan MIcrofinance Bank Limited,1 Elkanemi Road University of Ibadan Ibadan Oyo State Nigeria
UNICAL Microfinance Bank Limited,University of Calabar P.M.B. 115 Calabar Cross Rivers State
Unicredit Microfinance Bank LImited,7A/9A Abibu Oki Street Lagos Island
UNIFA Microfinance Bank Limited,C/O Co-operative Shopping Centre Olotu Road UghelliDelta State
Unifund Microfinance Bank Limited,Suite 9/10 Block C P.O.W.A Shopping Complex Nyanya FCT ABUJA
Unilorin Microfinance Bank LImited,Permanent Site of University of Ilorin Kwara State
UNIMAID Microfinance Bank Limited,University of Maiduguri Campus Maiduguri Borno State
United Microfinance Bank Limited,No. 2 Udumofa Quarters Ekpan Warri Delta State
UNIUYO Microfinance Bank Limited,Cooperative House University of Uyo Akwa Ibom State
UNN Microfinance Bank Limited,University of Nigeria Nsukka Enugu State
Unubi Microfinance Bank Limited,UMBL House Afor Market Square Unubi Nnewi South L.G.A Anambra State
Unyogba Microfinance Bank Limited,1 Alloma Road Opposite Market Square Ejule Ofu LGA Kogi State
Urban Microfinance Bank Limited,62 Onyuke St Ogui Layout Enugu Enugu State
Ure Microfinance Bank Limited,Kaduna-Lissam Takum Taraba State
Uromi Microfinance Bank Limited,76 Ubiaja Road Uromi Edo State
Utako Microfinance Bank Limited,Samuelson Court Plot 1151 Ajose Adeogun Street Utako Abuja
Utuh Microfinance Bank Limited,Oye Market Square Utuh Nnewi South LGA Anambra State
Uvuoma Microfinance Bank Limited,4 Holy Ghost Road Umuahia Abia State
Uvuru Microfinance Bank Limited,Orie Ovuru Market Square Mbaise L.G.A Imo State
Uvwie Microfinance Bank Limited,214 Effurun - Warri Road By Jakpa Junction Effurun Delta State.
Uzondu Microfinance Bank Limited,St. Mary's Catholic Parish Compound Arthur Eze Avenue Awka Anambra State
Uzuakoli Microfinance Bank Limited,37 Market Road Uzuakoli Abia State.
Vantage Microfinance Bank Limited,No. 20 Isiukwuato Street Prefab-Owerri Imo State
VCL Microfinance Bank Limited,70. Abeokuta Rd. Agege Lagos
Verdant Microfinance Bank Limited,48. Banigbose Street Lagos Island. Lagos State
Verite Microfinance Bank Limited,51/51 Marina Street Lagos Island. Lagos State
VFD Microfinance Bank Limited,FORSIGHT HOUSE. 163/165. BROAD STREET.LAGOS ISLAND LAGOS STATE
Vibrant Microfinance Bank Limited,OKOWI HOUSE. OGBE-AKPU QUATERS. ISELLE AZAGBA ANIOCHA NORTH L.G.A DELTA STATE.
Victory Microfinance Bank Limited,Tran-Nsiki Federal Housinh Estate. GRA 3-3 Onitsha. Onitsha North L.G.A Anamra State.
Vineland Microfinance Bank Limited,Suite EU6. 01/02. The Arena. Nigerian Army Shopping Complex. Bolade.Oshodi. Lagos State
Visa Microfinance Bank Limited,Gouba Plaza. Plot 171. A.E. Ekukinam Street. Utako. Abuja.
Viscount Microfinance Bank Limited,Extention B1. Efab Mall. Area.11 Garki Abuja
Viva Microfinance Bank Limited,Suite H528/H529 Ikota Shopping Complex Victoria Garden City Ajah Lagos State
Waila Microfinance Bank Limited,No.7. Chrisgold Plaza Keffi Road. Mararaba Nassarawa State
Wapo Microfinance Bank Limited,Nagazi Ogaminana Okene. Kogi State.
Warji Microfinance Bank Limited,Emir's Drive Katanga P.O.BOX 3736 Bauchi State.
Wase Microfinance Bank Limited,1. Opposite Emir's Palace. Wase Local Govt Area. Plateau state
Wealth-Basket Microfinance Bank Limited,148. Lagos Road By Church Bustop. Ikorodu. Lagos State.
Wealth-Stream Microfinance Bank Limited,213. Kirikiri Road. Olodi-Apapa. Lagos State.
Welfare Microfinance Bank Limited,Abdulwahab Folawiyo Road Ilorin. Kwara State.
Wesley (fmr City Mission Methodist) Microfinance Bank Limited,1. Alhaji Ade Thanni Street. Sururlere. Lagos
West-End Microfinance Bank Limited,11. Community Road. Igbesa. Ado Odo L.G.A
Wetland Microfinance Bank Limited,38. Deco Road. Warri. Delta State
Woliwo Microfinance Bank Limited,10. Akunnia Njota Street. Woliwo Layout Onitsha Anambra State.
Women Development Initiative Microfinance Bank Limited,3rd Floor. Kano Foundation Building. Bayero Univerity. Kano State.
WRA Microfinance Bank Limited,Wararwa Town. Warawa Local Govt Area. Kano State
Wudil Microfinance Bank Limited,No.2. Aliu Dandarman Road. Wudil. Kano State
XSLNCE Microfinance Bank Limited,No.8B Olarenwaju Ninalowo Off Fola Osibo Street Lekki Phase 1. Lekki Lagos
Yabo Microfinance Bank Limited,No.3. Shehu Shagari Road. Yabo. Sokoto state
Yankari Microfinance Bank Limited,No. 10. Yandoka Road Bauchi.
Yauri Emirates Microfinance Bank Limited,Old Kotangora Road. PP.O.BOX.1 Yelwa-Yauri. Kebbi State
YCT Microfinance Bank Limited,Yaba Colledge of Technology. 22 Husley Street Yaba
Yeneng Microfinance Bank Limited,P.O.BOX 1001. Bukuru. No.1 Bank Road Ganawuri. Riyom L.G.A Plateau State
Yarwa Microfinance Bank Limited,No.15. Ahmadu Bello Way. Maiduguri. Borno State
YES Microfinance Bank Limited,11 Majekodumi Street. Off Allen Avenue. Lagos
Yield Microfinance Bank Limited,Â 483C Omotunde Akinsola Street Omole Phase 1 Ikeja Lagos
Yobe Microfinance Bank Limited,Plot 4. Ahmadu Bello Way Damaturu Yobe State
Zafec Microfinance Bank Limited,Federal Colledge of Education Campus. Zaria Kaduna State
Zamare Microfinance Bank Limited,Yauri LGA Keebi
Zawadi Microfinance Bank Limited,Shelter Market. Oyo. Akwa Ibom State
Zazzau Microfinance Bank Limited,Yantabimi Quaters. Zaria City. Kaduna State
Zigate Microfinance Bank Limited,12. Station Road. Agbado. Ogun State
Zion Microfinance Bank Limited,144. Benue Crescent Wadata. Makurdi Benue State
Zumwa Microfinance Bank Limited,Anguwara Sarki Sabon Wuse. Niger State
Zurmi Microfinance Bank Limited,Market Road. Zurmi. Zamfara State
Zuru Microfinance Bank Limited,Opposite Zuru GarageZuru. Kebbi State